clubName,courtNumber,date,startHour,startTime,endTime,bookable,courtBookingLink,location
"UE Tennis","Court 1","2025-07-16","08:00","08:00","09:00","0","http://www.uetennis.com/booking-calendar/court-1?referral=service_list_widget","Richmond"
"UE Tennis","Court 1","2025-07-16","09:00","09:15","10:15","0","http://www.uetennis.com/booking-calendar/court-1?referral=service_list_widget","Richmond"
"UE Tennis","Court 1","2025-07-16","10:00","10:30","11:30","0","http://www.uetennis.com/booking-calendar/court-1?referral=service_list_widget","Richmond"
"UE Tennis","Court 1","2025-07-16","11:00","11:45","12:45","0","http://www.uetennis.com/booking-calendar/court-1?referral=service_list_widget","Richmond"
"UE Tennis","Court 1","2025-07-16","13:00","13:00","14:00","0","http://www.uetennis.com/booking-calendar/court-1?referral=service_list_widget","Richmond"
"UE Tennis","Court 1","2025-07-16","14:00","14:15","15:15","0","http://www.uetennis.com/booking-calendar/court-1?referral=service_list_widget","Richmond"
"UE Tennis","Court 1","2025-07-16","15:00","15:30","16:30","0","http://www.uetennis.com/booking-calendar/court-1?referral=service_list_widget","Richmond"
"UE Tennis","Court 1","2025-07-16","16:00","16:45","17:45","0","http://www.uetennis.com/booking-calendar/court-1?referral=service_list_widget","Richmond"
"UE Tennis","Court 1","2025-07-16","18:00","18:00","19:00","0","http://www.uetennis.com/booking-calendar/court-1?referral=service_list_widget","Richmond"
"UE Tennis","Court 1","2025-07-16","19:00","19:15","20:15","0","http://www.uetennis.com/booking-calendar/court-1?referral=service_list_widget","Richmond"
"UE Tennis","Court 1","2025-07-17","10:00","10:00","11:00","0","http://www.uetennis.com/booking-calendar/court-1?referral=service_list_widget","Richmond"
"UE Tennis","Court 1","2025-07-17","11:00","11:15","12:15","0","http://www.uetennis.com/booking-calendar/court-1?referral=service_list_widget","Richmond"
"UE Tennis","Court 1","2025-07-17","12:00","12:30","13:30","0","http://www.uetennis.com/booking-calendar/court-1?referral=service_list_widget","Richmond"
"UE Tennis","Court 1","2025-07-17","15:00","15:00","16:00","0","http://www.uetennis.com/booking-calendar/court-1?referral=service_list_widget","Richmond"
"UE Tennis","Court 1","2025-07-17","16:00","16:15","17:15","0","http://www.uetennis.com/booking-calendar/court-1?referral=service_list_widget","Richmond"
"UE Tennis","Court 1","2025-07-17","18:00","18:30","19:30","0","http://www.uetennis.com/booking-calendar/court-1?referral=service_list_widget","Richmond"
"UE Tennis","Court 1","2025-07-17","19:00","19:45","20:45","0","http://www.uetennis.com/booking-calendar/court-1?referral=service_list_widget","Richmond"
"UE Tennis","Court 1","2025-07-17","21:00","21:00","22:00","0","http://www.uetennis.com/booking-calendar/court-1?referral=service_list_widget","Richmond"
"UE Tennis","Court 1","2025-07-18","08:00","08:00","09:00","0","http://www.uetennis.com/booking-calendar/court-1?referral=service_list_widget","Richmond"
"UE Tennis","Court 1","2025-07-18","09:00","09:15","10:15","0","http://www.uetennis.com/booking-calendar/court-1?referral=service_list_widget","Richmond"
"UE Tennis","Court 1","2025-07-18","10:00","10:30","11:30","0","http://www.uetennis.com/booking-calendar/court-1?referral=service_list_widget","Richmond"
"UE Tennis","Court 1","2025-07-18","13:00","13:00","14:00","0","http://www.uetennis.com/booking-calendar/court-1?referral=service_list_widget","Richmond"
"UE Tennis","Court 1","2025-07-18","15:00","15:30","16:30","0","http://www.uetennis.com/booking-calendar/court-1?referral=service_list_widget","Richmond"
"UE Tennis","Court 1","2025-07-18","16:00","16:45","17:45","0","http://www.uetennis.com/booking-calendar/court-1?referral=service_list_widget","Richmond"
"UE Tennis","Court 1","2025-07-18","18:00","18:00","19:00","0","http://www.uetennis.com/booking-calendar/court-1?referral=service_list_widget","Richmond"
"UE Tennis","Court 1","2025-07-18","19:00","19:15","20:15","0","http://www.uetennis.com/booking-calendar/court-1?referral=service_list_widget","Richmond"
"UE Tennis","Court 1","2025-07-18","20:00","20:30","21:30","0","http://www.uetennis.com/booking-calendar/court-1?referral=service_list_widget","Richmond"
"UE Tennis","Court 1","2025-07-19","13:00","13:30","14:30","0","http://www.uetennis.com/booking-calendar/court-1?referral=service_list_widget","Richmond"
"UE Tennis","Court 1","2025-07-19","14:00","14:45","15:45","0","http://www.uetennis.com/booking-calendar/court-1?referral=service_list_widget","Richmond"
"UE Tennis","Court 1","2025-07-19","16:00","16:00","17:00","0","http://www.uetennis.com/booking-calendar/court-1?referral=service_list_widget","Richmond"
"UE Tennis","Court 1","2025-07-19","17:00","17:15","18:15","0","http://www.uetennis.com/booking-calendar/court-1?referral=service_list_widget","Richmond"
"UE Tennis","Court 1","2025-07-19","18:00","18:30","19:30","0","http://www.uetennis.com/booking-calendar/court-1?referral=service_list_widget","Richmond"
"UE Tennis","Court 1","2025-07-19","19:00","19:45","20:45","0","http://www.uetennis.com/booking-calendar/court-1?referral=service_list_widget","Richmond"
"UE Tennis","Court 1","2025-07-19","21:00","21:00","22:00","0","http://www.uetennis.com/booking-calendar/court-1?referral=service_list_widget","Richmond"
"UE Tennis","Court 1","2025-07-20","08:00","08:00","09:00","0","http://www.uetennis.com/booking-calendar/court-1?referral=service_list_widget","Richmond"
"UE Tennis","Court 1","2025-07-20","09:00","09:15","10:15","0","http://www.uetennis.com/booking-calendar/court-1?referral=service_list_widget","Richmond"
"UE Tennis","Court 1","2025-07-20","10:00","10:30","11:30","0","http://www.uetennis.com/booking-calendar/court-1?referral=service_list_widget","Richmond"
"UE Tennis","Court 1","2025-07-20","11:00","11:45","12:45","0","http://www.uetennis.com/booking-calendar/court-1?referral=service_list_widget","Richmond"
"UE Tennis","Court 1","2025-07-20","13:00","13:00","14:00","0","http://www.uetennis.com/booking-calendar/court-1?referral=service_list_widget","Richmond"
"UE Tennis","Court 1","2025-07-20","14:00","14:15","15:15","0","http://www.uetennis.com/booking-calendar/court-1?referral=service_list_widget","Richmond"
"UE Tennis","Court 1","2025-07-20","15:00","15:30","16:30","0","http://www.uetennis.com/booking-calendar/court-1?referral=service_list_widget","Richmond"
"UE Tennis","Court 1","2025-07-20","16:00","16:45","17:45","0","http://www.uetennis.com/booking-calendar/court-1?referral=service_list_widget","Richmond"
"UE Tennis","Court 1","2025-07-20","18:00","18:00","19:00","0","http://www.uetennis.com/booking-calendar/court-1?referral=service_list_widget","Richmond"
"UE Tennis","Court 1","2025-07-20","19:00","19:15","20:15","0","http://www.uetennis.com/booking-calendar/court-1?referral=service_list_widget","Richmond"
"UE Tennis","Court 1","2025-07-21","08:00","08:00","09:00","0","http://www.uetennis.com/booking-calendar/court-1?referral=service_list_widget","Richmond"
"UE Tennis","Court 1","2025-07-21","09:00","09:15","10:15","0","http://www.uetennis.com/booking-calendar/court-1?referral=service_list_widget","Richmond"
"UE Tennis","Court 1","2025-07-21","10:00","10:30","11:30","0","http://www.uetennis.com/booking-calendar/court-1?referral=service_list_widget","Richmond"
"UE Tennis","Court 1","2025-07-21","11:00","11:45","12:45","0","http://www.uetennis.com/booking-calendar/court-1?referral=service_list_widget","Richmond"
"UE Tennis","Court 1","2025-07-21","13:00","13:00","14:00","0","http://www.uetennis.com/booking-calendar/court-1?referral=service_list_widget","Richmond"
"UE Tennis","Court 1","2025-07-21","14:00","14:15","15:15","0","http://www.uetennis.com/booking-calendar/court-1?referral=service_list_widget","Richmond"
"UE Tennis","Court 1","2025-07-21","15:00","15:30","16:30","0","http://www.uetennis.com/booking-calendar/court-1?referral=service_list_widget","Richmond"
"UE Tennis","Court 1","2025-07-21","18:00","18:45","19:45","0","http://www.uetennis.com/booking-calendar/court-1?referral=service_list_widget","Richmond"
"UE Tennis","Court 1","2025-07-21","20:00","20:00","21:00","0","http://www.uetennis.com/booking-calendar/court-1?referral=service_list_widget","Richmond"
"UE Tennis","Court 1","2025-07-22","08:00","08:00","09:00","0","http://www.uetennis.com/booking-calendar/court-1?referral=service_list_widget","Richmond"
"UE Tennis","Court 1","2025-07-22","09:00","09:15","10:15","0","http://www.uetennis.com/booking-calendar/court-1?referral=service_list_widget","Richmond"
"UE Tennis","Court 1","2025-07-22","10:00","10:30","11:30","0","http://www.uetennis.com/booking-calendar/court-1?referral=service_list_widget","Richmond"
"UE Tennis","Court 1","2025-07-22","11:00","11:45","12:45","0","http://www.uetennis.com/booking-calendar/court-1?referral=service_list_widget","Richmond"
"UE Tennis","Court 1","2025-07-22","13:00","13:00","14:00","0","http://www.uetennis.com/booking-calendar/court-1?referral=service_list_widget","Richmond"
"UE Tennis","Court 1","2025-07-22","14:00","14:15","15:15","0","http://www.uetennis.com/booking-calendar/court-1?referral=service_list_widget","Richmond"
"UE Tennis","Court 1","2025-07-22","15:00","15:30","16:30","0","http://www.uetennis.com/booking-calendar/court-1?referral=service_list_widget","Richmond"
"UE Tennis","Court 1","2025-07-22","16:00","16:45","17:45","0","http://www.uetennis.com/booking-calendar/court-1?referral=service_list_widget","Richmond"
"UE Tennis","Court 1","2025-07-22","18:00","18:00","19:00","0","http://www.uetennis.com/booking-calendar/court-1?referral=service_list_widget","Richmond"
"UE Tennis","Court 1","2025-07-22","19:00","19:15","20:15","0","http://www.uetennis.com/booking-calendar/court-1?referral=service_list_widget","Richmond"
"UE Tennis","Court 1","2025-07-23","08:00","08:00","09:00","0","http://www.uetennis.com/booking-calendar/court-1?referral=service_list_widget","Richmond"
"UE Tennis","Court 1","2025-07-23","09:00","09:15","10:15","0","http://www.uetennis.com/booking-calendar/court-1?referral=service_list_widget","Richmond"
"UE Tennis","Court 1","2025-07-23","10:00","10:30","11:30","0","http://www.uetennis.com/booking-calendar/court-1?referral=service_list_widget","Richmond"
"UE Tennis","Court 1","2025-07-23","11:00","11:45","12:45","0","http://www.uetennis.com/booking-calendar/court-1?referral=service_list_widget","Richmond"
"UE Tennis","Court 1","2025-07-23","13:00","13:00","14:00","0","http://www.uetennis.com/booking-calendar/court-1?referral=service_list_widget","Richmond"
"UE Tennis","Court 1","2025-07-23","14:00","14:15","15:15","0","http://www.uetennis.com/booking-calendar/court-1?referral=service_list_widget","Richmond"
"UE Tennis","Court 1","2025-07-23","15:00","15:30","16:30","0","http://www.uetennis.com/booking-calendar/court-1?referral=service_list_widget","Richmond"
"UE Tennis","Court 1","2025-07-23","16:00","16:45","17:45","0","http://www.uetennis.com/booking-calendar/court-1?referral=service_list_widget","Richmond"
"UE Tennis","Court 1","2025-07-23","18:00","18:00","19:00","0","http://www.uetennis.com/booking-calendar/court-1?referral=service_list_widget","Richmond"
"UE Tennis","Court 1","2025-07-23","19:00","19:15","20:15","0","http://www.uetennis.com/booking-calendar/court-1?referral=service_list_widget","Richmond"
"UE Tennis","Court 2","2025-07-16","08:00","08:00","09:00","0","http://www.uetennis.com/booking-calendar/court-2?referral=service_list_widget","Richmond"
"UE Tennis","Court 2","2025-07-16","09:00","09:15","10:15","0","http://www.uetennis.com/booking-calendar/court-2?referral=service_list_widget","Richmond"
"UE Tennis","Court 2","2025-07-16","10:00","10:30","11:30","0","http://www.uetennis.com/booking-calendar/court-2?referral=service_list_widget","Richmond"
"UE Tennis","Court 2","2025-07-16","11:00","11:45","12:45","0","http://www.uetennis.com/booking-calendar/court-2?referral=service_list_widget","Richmond"
"UE Tennis","Court 2","2025-07-16","13:00","13:00","14:00","0","http://www.uetennis.com/booking-calendar/court-2?referral=service_list_widget","Richmond"
"UE Tennis","Court 2","2025-07-16","14:00","14:15","15:15","0","http://www.uetennis.com/booking-calendar/court-2?referral=service_list_widget","Richmond"
"UE Tennis","Court 2","2025-07-16","15:00","15:30","16:30","0","http://www.uetennis.com/booking-calendar/court-2?referral=service_list_widget","Richmond"
"UE Tennis","Court 2","2025-07-16","16:00","16:45","17:45","0","http://www.uetennis.com/booking-calendar/court-2?referral=service_list_widget","Richmond"
"UE Tennis","Court 2","2025-07-16","18:00","18:00","19:00","0","http://www.uetennis.com/booking-calendar/court-2?referral=service_list_widget","Richmond"
"UE Tennis","Court 2","2025-07-16","19:00","19:15","20:15","0","http://www.uetennis.com/booking-calendar/court-2?referral=service_list_widget","Richmond"
"UE Tennis","Court 2","2025-07-17","10:00","10:00","11:00","0","http://www.uetennis.com/booking-calendar/court-2?referral=service_list_widget","Richmond"
"UE Tennis","Court 2","2025-07-17","11:00","11:15","12:15","0","http://www.uetennis.com/booking-calendar/court-2?referral=service_list_widget","Richmond"
"UE Tennis","Court 2","2025-07-17","12:00","12:30","13:30","0","http://www.uetennis.com/booking-calendar/court-2?referral=service_list_widget","Richmond"
"UE Tennis","Court 2","2025-07-17","15:00","15:00","16:00","0","http://www.uetennis.com/booking-calendar/court-2?referral=service_list_widget","Richmond"
"UE Tennis","Court 2","2025-07-17","16:00","16:15","17:15","0","http://www.uetennis.com/booking-calendar/court-2?referral=service_list_widget","Richmond"
"UE Tennis","Court 2","2025-07-17","19:00","19:30","20:30","0","http://www.uetennis.com/booking-calendar/court-2?referral=service_list_widget","Richmond"
"UE Tennis","Court 2","2025-07-17","20:00","20:45","21:45","0","http://www.uetennis.com/booking-calendar/court-2?referral=service_list_widget","Richmond"
"UE Tennis","Court 2","2025-07-18","08:00","08:00","09:00","0","http://www.uetennis.com/booking-calendar/court-2?referral=service_list_widget","Richmond"
"UE Tennis","Court 2","2025-07-18","09:00","09:15","10:15","0","http://www.uetennis.com/booking-calendar/court-2?referral=service_list_widget","Richmond"
"UE Tennis","Court 2","2025-07-18","10:00","10:30","11:30","0","http://www.uetennis.com/booking-calendar/court-2?referral=service_list_widget","Richmond"
"UE Tennis","Court 2","2025-07-18","11:00","11:45","12:45","0","http://www.uetennis.com/booking-calendar/court-2?referral=service_list_widget","Richmond"
"UE Tennis","Court 2","2025-07-18","13:00","13:00","14:00","0","http://www.uetennis.com/booking-calendar/court-2?referral=service_list_widget","Richmond"
"UE Tennis","Court 2","2025-07-18","15:00","15:30","16:30","0","http://www.uetennis.com/booking-calendar/court-2?referral=service_list_widget","Richmond"
"UE Tennis","Court 2","2025-07-18","16:00","16:45","17:45","0","http://www.uetennis.com/booking-calendar/court-2?referral=service_list_widget","Richmond"
"UE Tennis","Court 2","2025-07-18","19:00","19:30","20:30","0","http://www.uetennis.com/booking-calendar/court-2?referral=service_list_widget","Richmond"
"UE Tennis","Court 2","2025-07-18","20:00","20:45","21:45","0","http://www.uetennis.com/booking-calendar/court-2?referral=service_list_widget","Richmond"
"UE Tennis","Court 2","2025-07-19","13:00","13:30","14:30","0","http://www.uetennis.com/booking-calendar/court-2?referral=service_list_widget","Richmond"
"UE Tennis","Court 2","2025-07-19","14:00","14:45","15:45","0","http://www.uetennis.com/booking-calendar/court-2?referral=service_list_widget","Richmond"
"UE Tennis","Court 2","2025-07-19","16:00","16:00","17:00","0","http://www.uetennis.com/booking-calendar/court-2?referral=service_list_widget","Richmond"
"UE Tennis","Court 2","2025-07-19","17:00","17:15","18:15","0","http://www.uetennis.com/booking-calendar/court-2?referral=service_list_widget","Richmond"
"UE Tennis","Court 2","2025-07-19","18:00","18:30","19:30","0","http://www.uetennis.com/booking-calendar/court-2?referral=service_list_widget","Richmond"
"UE Tennis","Court 2","2025-07-19","19:00","19:45","20:45","0","http://www.uetennis.com/booking-calendar/court-2?referral=service_list_widget","Richmond"
"UE Tennis","Court 2","2025-07-19","21:00","21:00","22:00","0","http://www.uetennis.com/booking-calendar/court-2?referral=service_list_widget","Richmond"
"UE Tennis","Court 2","2025-07-20","08:00","08:00","09:00","0","http://www.uetennis.com/booking-calendar/court-2?referral=service_list_widget","Richmond"
"UE Tennis","Court 2","2025-07-20","09:00","09:15","10:15","0","http://www.uetennis.com/booking-calendar/court-2?referral=service_list_widget","Richmond"
"UE Tennis","Court 2","2025-07-20","11:00","11:45","12:45","0","http://www.uetennis.com/booking-calendar/court-2?referral=service_list_widget","Richmond"
"UE Tennis","Court 2","2025-07-20","13:00","13:00","14:00","0","http://www.uetennis.com/booking-calendar/court-2?referral=service_list_widget","Richmond"
"UE Tennis","Court 2","2025-07-20","14:00","14:15","15:15","0","http://www.uetennis.com/booking-calendar/court-2?referral=service_list_widget","Richmond"
"UE Tennis","Court 2","2025-07-20","15:00","15:30","16:30","0","http://www.uetennis.com/booking-calendar/court-2?referral=service_list_widget","Richmond"
"UE Tennis","Court 2","2025-07-20","16:00","16:45","17:45","0","http://www.uetennis.com/booking-calendar/court-2?referral=service_list_widget","Richmond"
"UE Tennis","Court 2","2025-07-20","18:00","18:00","19:00","0","http://www.uetennis.com/booking-calendar/court-2?referral=service_list_widget","Richmond"
"UE Tennis","Court 2","2025-07-20","19:00","19:15","20:15","0","http://www.uetennis.com/booking-calendar/court-2?referral=service_list_widget","Richmond"
"UE Tennis","Court 2","2025-07-21","08:00","08:00","09:00","0","http://www.uetennis.com/booking-calendar/court-2?referral=service_list_widget","Richmond"
"UE Tennis","Court 2","2025-07-21","09:00","09:15","10:15","0","http://www.uetennis.com/booking-calendar/court-2?referral=service_list_widget","Richmond"
"UE Tennis","Court 2","2025-07-21","10:00","10:30","11:30","0","http://www.uetennis.com/booking-calendar/court-2?referral=service_list_widget","Richmond"
"UE Tennis","Court 2","2025-07-21","11:00","11:45","12:45","0","http://www.uetennis.com/booking-calendar/court-2?referral=service_list_widget","Richmond"
"UE Tennis","Court 2","2025-07-21","13:00","13:00","14:00","0","http://www.uetennis.com/booking-calendar/court-2?referral=service_list_widget","Richmond"
"UE Tennis","Court 2","2025-07-21","14:00","14:15","15:15","0","http://www.uetennis.com/booking-calendar/court-2?referral=service_list_widget","Richmond"
"UE Tennis","Court 2","2025-07-21","15:00","15:30","16:30","0","http://www.uetennis.com/booking-calendar/court-2?referral=service_list_widget","Richmond"
"UE Tennis","Court 2","2025-07-21","18:00","18:30","19:30","0","http://www.uetennis.com/booking-calendar/court-2?referral=service_list_widget","Richmond"
"UE Tennis","Court 2","2025-07-22","08:00","08:00","09:00","0","http://www.uetennis.com/booking-calendar/court-2?referral=service_list_widget","Richmond"
"UE Tennis","Court 2","2025-07-22","09:00","09:15","10:15","0","http://www.uetennis.com/booking-calendar/court-2?referral=service_list_widget","Richmond"
"UE Tennis","Court 2","2025-07-22","10:00","10:30","11:30","0","http://www.uetennis.com/booking-calendar/court-2?referral=service_list_widget","Richmond"
"UE Tennis","Court 2","2025-07-22","11:00","11:45","12:45","0","http://www.uetennis.com/booking-calendar/court-2?referral=service_list_widget","Richmond"
"UE Tennis","Court 2","2025-07-22","13:00","13:00","14:00","0","http://www.uetennis.com/booking-calendar/court-2?referral=service_list_widget","Richmond"
"UE Tennis","Court 2","2025-07-22","14:00","14:15","15:15","0","http://www.uetennis.com/booking-calendar/court-2?referral=service_list_widget","Richmond"
"UE Tennis","Court 2","2025-07-22","15:00","15:30","16:30","0","http://www.uetennis.com/booking-calendar/court-2?referral=service_list_widget","Richmond"
"UE Tennis","Court 2","2025-07-22","16:00","16:45","17:45","0","http://www.uetennis.com/booking-calendar/court-2?referral=service_list_widget","Richmond"
"UE Tennis","Court 2","2025-07-22","18:00","18:00","19:00","0","http://www.uetennis.com/booking-calendar/court-2?referral=service_list_widget","Richmond"
"UE Tennis","Court 2","2025-07-22","19:00","19:15","20:15","0","http://www.uetennis.com/booking-calendar/court-2?referral=service_list_widget","Richmond"
"UE Tennis","Court 2","2025-07-23","08:00","08:00","09:00","0","http://www.uetennis.com/booking-calendar/court-2?referral=service_list_widget","Richmond"
"UE Tennis","Court 2","2025-07-23","09:00","09:15","10:15","0","http://www.uetennis.com/booking-calendar/court-2?referral=service_list_widget","Richmond"
"UE Tennis","Court 2","2025-07-23","10:00","10:30","11:30","0","http://www.uetennis.com/booking-calendar/court-2?referral=service_list_widget","Richmond"
"UE Tennis","Court 2","2025-07-23","11:00","11:45","12:45","0","http://www.uetennis.com/booking-calendar/court-2?referral=service_list_widget","Richmond"
"UE Tennis","Court 2","2025-07-23","13:00","13:00","14:00","0","http://www.uetennis.com/booking-calendar/court-2?referral=service_list_widget","Richmond"
"UE Tennis","Court 2","2025-07-23","14:00","14:15","15:15","0","http://www.uetennis.com/booking-calendar/court-2?referral=service_list_widget","Richmond"
"UE Tennis","Court 2","2025-07-23","15:00","15:30","16:30","0","http://www.uetennis.com/booking-calendar/court-2?referral=service_list_widget","Richmond"
"UE Tennis","Court 2","2025-07-23","16:00","16:45","17:45","0","http://www.uetennis.com/booking-calendar/court-2?referral=service_list_widget","Richmond"
"UE Tennis","Court 2","2025-07-23","18:00","18:00","19:00","0","http://www.uetennis.com/booking-calendar/court-2?referral=service_list_widget","Richmond"
"UE Tennis","Court 2","2025-07-23","19:00","19:15","20:15","0","http://www.uetennis.com/booking-calendar/court-2?referral=service_list_widget","Richmond"
"UE Tennis","Court 3","2025-07-16","08:00","08:00","09:00","0","http://www.uetennis.com/booking-calendar/court-3?referral=service_list_widget","Richmond"
"UE Tennis","Court 3","2025-07-16","09:00","09:15","10:15","0","http://www.uetennis.com/booking-calendar/court-3?referral=service_list_widget","Richmond"
"UE Tennis","Court 3","2025-07-16","10:00","10:30","11:30","0","http://www.uetennis.com/booking-calendar/court-3?referral=service_list_widget","Richmond"
"UE Tennis","Court 3","2025-07-16","11:00","11:45","12:45","0","http://www.uetennis.com/booking-calendar/court-3?referral=service_list_widget","Richmond"
"UE Tennis","Court 3","2025-07-16","13:00","13:00","14:00","0","http://www.uetennis.com/booking-calendar/court-3?referral=service_list_widget","Richmond"
"UE Tennis","Court 3","2025-07-16","17:00","17:15","18:15","0","http://www.uetennis.com/booking-calendar/court-3?referral=service_list_widget","Richmond"
"UE Tennis","Court 3","2025-07-17","10:00","10:00","11:00","0","http://www.uetennis.com/booking-calendar/court-3?referral=service_list_widget","Richmond"
"UE Tennis","Court 3","2025-07-17","11:00","11:15","12:15","0","http://www.uetennis.com/booking-calendar/court-3?referral=service_list_widget","Richmond"
"UE Tennis","Court 3","2025-07-17","12:00","12:30","13:30","0","http://www.uetennis.com/booking-calendar/court-3?referral=service_list_widget","Richmond"
"UE Tennis","Court 3","2025-07-17","16:00","16:30","17:30","0","http://www.uetennis.com/booking-calendar/court-3?referral=service_list_widget","Richmond"
"UE Tennis","Court 3","2025-07-17","19:00","19:30","20:30","0","http://www.uetennis.com/booking-calendar/court-3?referral=service_list_widget","Richmond"
"UE Tennis","Court 3","2025-07-17","20:00","20:45","21:45","0","http://www.uetennis.com/booking-calendar/court-3?referral=service_list_widget","Richmond"
"UE Tennis","Court 3","2025-07-18","08:00","08:00","09:00","0","http://www.uetennis.com/booking-calendar/court-3?referral=service_list_widget","Richmond"
"UE Tennis","Court 3","2025-07-18","09:00","09:15","10:15","0","http://www.uetennis.com/booking-calendar/court-3?referral=service_list_widget","Richmond"
"UE Tennis","Court 3","2025-07-18","10:00","10:30","11:30","0","http://www.uetennis.com/booking-calendar/court-3?referral=service_list_widget","Richmond"
"UE Tennis","Court 3","2025-07-18","11:00","11:45","12:45","0","http://www.uetennis.com/booking-calendar/court-3?referral=service_list_widget","Richmond"
"UE Tennis","Court 3","2025-07-18","13:00","13:00","14:00","0","http://www.uetennis.com/booking-calendar/court-3?referral=service_list_widget","Richmond"
"UE Tennis","Court 3","2025-07-18","14:00","14:15","15:15","0","http://www.uetennis.com/booking-calendar/court-3?referral=service_list_widget","Richmond"
"UE Tennis","Court 3","2025-07-18","15:00","15:30","16:30","0","http://www.uetennis.com/booking-calendar/court-3?referral=service_list_widget","Richmond"
"UE Tennis","Court 3","2025-07-18","20:00","20:30","21:30","0","http://www.uetennis.com/booking-calendar/court-3?referral=service_list_widget","Richmond"
"UE Tennis","Court 3","2025-07-19","14:00","14:30","15:30","0","http://www.uetennis.com/booking-calendar/court-3?referral=service_list_widget","Richmond"
"UE Tennis","Court 3","2025-07-19","15:00","15:45","16:45","0","http://www.uetennis.com/booking-calendar/court-3?referral=service_list_widget","Richmond"
"UE Tennis","Court 3","2025-07-19","17:00","17:00","18:00","0","http://www.uetennis.com/booking-calendar/court-3?referral=service_list_widget","Richmond"
"UE Tennis","Court 3","2025-07-19","18:00","18:15","19:15","0","http://www.uetennis.com/booking-calendar/court-3?referral=service_list_widget","Richmond"
"UE Tennis","Court 3","2025-07-19","19:00","19:30","20:30","0","http://www.uetennis.com/booking-calendar/court-3?referral=service_list_widget","Richmond"
"UE Tennis","Court 3","2025-07-19","20:00","20:45","21:45","0","http://www.uetennis.com/booking-calendar/court-3?referral=service_list_widget","Richmond"
"UE Tennis","Court 3","2025-07-20","08:00","08:00","09:00","0","http://www.uetennis.com/booking-calendar/court-3?referral=service_list_widget","Richmond"
"UE Tennis","Court 3","2025-07-20","09:00","09:15","10:15","0","http://www.uetennis.com/booking-calendar/court-3?referral=service_list_widget","Richmond"
"UE Tennis","Court 3","2025-07-20","11:00","11:45","12:45","0","http://www.uetennis.com/booking-calendar/court-3?referral=service_list_widget","Richmond"
"UE Tennis","Court 3","2025-07-20","13:00","13:00","14:00","0","http://www.uetennis.com/booking-calendar/court-3?referral=service_list_widget","Richmond"
"UE Tennis","Court 3","2025-07-20","14:00","14:15","15:15","0","http://www.uetennis.com/booking-calendar/court-3?referral=service_list_widget","Richmond"
"UE Tennis","Court 3","2025-07-20","15:00","15:30","16:30","0","http://www.uetennis.com/booking-calendar/court-3?referral=service_list_widget","Richmond"
"UE Tennis","Court 3","2025-07-20","16:00","16:45","17:45","0","http://www.uetennis.com/booking-calendar/court-3?referral=service_list_widget","Richmond"
"UE Tennis","Court 3","2025-07-20","18:00","18:00","19:00","0","http://www.uetennis.com/booking-calendar/court-3?referral=service_list_widget","Richmond"
"UE Tennis","Court 3","2025-07-20","19:00","19:15","20:15","0","http://www.uetennis.com/booking-calendar/court-3?referral=service_list_widget","Richmond"
"UE Tennis","Court 3","2025-07-21","08:00","08:00","09:00","0","http://www.uetennis.com/booking-calendar/court-3?referral=service_list_widget","Richmond"
"UE Tennis","Court 3","2025-07-21","09:00","09:15","10:15","0","http://www.uetennis.com/booking-calendar/court-3?referral=service_list_widget","Richmond"
"UE Tennis","Court 3","2025-07-21","10:00","10:30","11:30","0","http://www.uetennis.com/booking-calendar/court-3?referral=service_list_widget","Richmond"
"UE Tennis","Court 3","2025-07-21","11:00","11:45","12:45","0","http://www.uetennis.com/booking-calendar/court-3?referral=service_list_widget","Richmond"
"UE Tennis","Court 3","2025-07-21","13:00","13:00","14:00","0","http://www.uetennis.com/booking-calendar/court-3?referral=service_list_widget","Richmond"
"UE Tennis","Court 3","2025-07-21","14:00","14:15","15:15","0","http://www.uetennis.com/booking-calendar/court-3?referral=service_list_widget","Richmond"
"UE Tennis","Court 3","2025-07-21","15:00","15:30","16:30","0","http://www.uetennis.com/booking-calendar/court-3?referral=service_list_widget","Richmond"
"UE Tennis","Court 3","2025-07-21","18:00","18:30","19:30","0","http://www.uetennis.com/booking-calendar/court-3?referral=service_list_widget","Richmond"
"UE Tennis","Court 3","2025-07-22","08:00","08:00","09:00","0","http://www.uetennis.com/booking-calendar/court-3?referral=service_list_widget","Richmond"
"UE Tennis","Court 3","2025-07-22","09:00","09:15","10:15","0","http://www.uetennis.com/booking-calendar/court-3?referral=service_list_widget","Richmond"
"UE Tennis","Court 3","2025-07-22","10:00","10:30","11:30","0","http://www.uetennis.com/booking-calendar/court-3?referral=service_list_widget","Richmond"
"UE Tennis","Court 3","2025-07-22","11:00","11:45","12:45","0","http://www.uetennis.com/booking-calendar/court-3?referral=service_list_widget","Richmond"
"UE Tennis","Court 3","2025-07-22","13:00","13:00","14:00","0","http://www.uetennis.com/booking-calendar/court-3?referral=service_list_widget","Richmond"
"UE Tennis","Court 3","2025-07-22","14:00","14:15","15:15","0","http://www.uetennis.com/booking-calendar/court-3?referral=service_list_widget","Richmond"
"UE Tennis","Court 3","2025-07-22","15:00","15:30","16:30","0","http://www.uetennis.com/booking-calendar/court-3?referral=service_list_widget","Richmond"
"UE Tennis","Court 3","2025-07-22","16:00","16:45","17:45","0","http://www.uetennis.com/booking-calendar/court-3?referral=service_list_widget","Richmond"
"UE Tennis","Court 3","2025-07-22","18:00","18:00","19:00","0","http://www.uetennis.com/booking-calendar/court-3?referral=service_list_widget","Richmond"
"UE Tennis","Court 3","2025-07-22","19:00","19:15","20:15","0","http://www.uetennis.com/booking-calendar/court-3?referral=service_list_widget","Richmond"
"UE Tennis","Court 3","2025-07-23","08:00","08:00","09:00","0","http://www.uetennis.com/booking-calendar/court-3?referral=service_list_widget","Richmond"
"UE Tennis","Court 3","2025-07-23","09:00","09:15","10:15","0","http://www.uetennis.com/booking-calendar/court-3?referral=service_list_widget","Richmond"
"UE Tennis","Court 3","2025-07-23","10:00","10:30","11:30","0","http://www.uetennis.com/booking-calendar/court-3?referral=service_list_widget","Richmond"
"UE Tennis","Court 3","2025-07-23","11:00","11:45","12:45","0","http://www.uetennis.com/booking-calendar/court-3?referral=service_list_widget","Richmond"
"UE Tennis","Court 3","2025-07-23","13:00","13:00","14:00","0","http://www.uetennis.com/booking-calendar/court-3?referral=service_list_widget","Richmond"
"UE Tennis","Court 3","2025-07-23","14:00","14:15","15:15","0","http://www.uetennis.com/booking-calendar/court-3?referral=service_list_widget","Richmond"
"UE Tennis","Court 3","2025-07-23","15:00","15:30","16:30","0","http://www.uetennis.com/booking-calendar/court-3?referral=service_list_widget","Richmond"
"UE Tennis","Court 3","2025-07-23","16:00","16:45","17:45","0","http://www.uetennis.com/booking-calendar/court-3?referral=service_list_widget","Richmond"
"UE Tennis","Court 3","2025-07-23","18:00","18:00","19:00","0","http://www.uetennis.com/booking-calendar/court-3?referral=service_list_widget","Richmond"
"UE Tennis","Court 3","2025-07-23","19:00","19:15","20:15","0","http://www.uetennis.com/booking-calendar/court-3?referral=service_list_widget","Richmond"
"UE Tennis","Court 5","2025-07-16","08:00","08:00","09:00","0","http://www.uetennis.com/booking-calendar/court-5?referral=service_list_widget","Richmond"
"UE Tennis","Court 5","2025-07-16","09:00","09:15","10:15","0","http://www.uetennis.com/booking-calendar/court-5?referral=service_list_widget","Richmond"
"UE Tennis","Court 5","2025-07-16","11:00","11:45","12:45","0","http://www.uetennis.com/booking-calendar/court-5?referral=service_list_widget","Richmond"
"UE Tennis","Court 5","2025-07-16","13:00","13:00","14:00","0","http://www.uetennis.com/booking-calendar/court-5?referral=service_list_widget","Richmond"
"UE Tennis","Court 5","2025-07-16","14:00","14:15","15:15","0","http://www.uetennis.com/booking-calendar/court-5?referral=service_list_widget","Richmond"
"UE Tennis","Court 5","2025-07-16","15:00","15:30","16:30","0","http://www.uetennis.com/booking-calendar/court-5?referral=service_list_widget","Richmond"
"UE Tennis","Court 5","2025-07-16","16:00","16:45","17:45","0","http://www.uetennis.com/booking-calendar/court-5?referral=service_list_widget","Richmond"
"UE Tennis","Court 5","2025-07-16","18:00","18:00","19:00","0","http://www.uetennis.com/booking-calendar/court-5?referral=service_list_widget","Richmond"
"UE Tennis","Court 5","2025-07-17","12:00","12:15","13:15","0","http://www.uetennis.com/booking-calendar/court-5?referral=service_list_widget","Richmond"
"UE Tennis","Court 5","2025-07-17","15:00","15:00","16:00","0","http://www.uetennis.com/booking-calendar/court-5?referral=service_list_widget","Richmond"
"UE Tennis","Court 5","2025-07-17","16:00","16:15","17:15","0","http://www.uetennis.com/booking-calendar/court-5?referral=service_list_widget","Richmond"
"UE Tennis","Court 5","2025-07-17","17:00","17:30","18:30","0","http://www.uetennis.com/booking-calendar/court-5?referral=service_list_widget","Richmond"
"UE Tennis","Court 5","2025-07-17","18:00","18:45","19:45","0","http://www.uetennis.com/booking-calendar/court-5?referral=service_list_widget","Richmond"
"UE Tennis","Court 5","2025-07-17","20:00","20:00","21:00","0","http://www.uetennis.com/booking-calendar/court-5?referral=service_list_widget","Richmond"
"UE Tennis","Court 5","2025-07-18","08:00","08:00","09:00","0","http://www.uetennis.com/booking-calendar/court-5?referral=service_list_widget","Richmond"
"UE Tennis","Court 5","2025-07-18","09:00","09:15","10:15","0","http://www.uetennis.com/booking-calendar/court-5?referral=service_list_widget","Richmond"
"UE Tennis","Court 5","2025-07-18","10:00","10:30","11:30","0","http://www.uetennis.com/booking-calendar/court-5?referral=service_list_widget","Richmond"
"UE Tennis","Court 5","2025-07-18","11:00","11:45","12:45","0","http://www.uetennis.com/booking-calendar/court-5?referral=service_list_widget","Richmond"
"UE Tennis","Court 5","2025-07-18","15:00","15:30","16:30","0","http://www.uetennis.com/booking-calendar/court-5?referral=service_list_widget","Richmond"
"UE Tennis","Court 5","2025-07-18","16:00","16:45","17:45","0","http://www.uetennis.com/booking-calendar/court-5?referral=service_list_widget","Richmond"
"UE Tennis","Court 5","2025-07-18","18:00","18:00","19:00","0","http://www.uetennis.com/booking-calendar/court-5?referral=service_list_widget","Richmond"
"UE Tennis","Court 5","2025-07-18","19:00","19:15","20:15","0","http://www.uetennis.com/booking-calendar/court-5?referral=service_list_widget","Richmond"
"UE Tennis","Court 5","2025-07-18","20:00","20:30","21:30","0","http://www.uetennis.com/booking-calendar/court-5?referral=service_list_widget","Richmond"
"UE Tennis","Court 5","2025-07-19","13:00","13:30","14:30","0","http://www.uetennis.com/booking-calendar/court-5?referral=service_list_widget","Richmond"
"UE Tennis","Court 5","2025-07-19","14:00","14:45","15:45","0","http://www.uetennis.com/booking-calendar/court-5?referral=service_list_widget","Richmond"
"UE Tennis","Court 5","2025-07-19","16:00","16:00","17:00","0","http://www.uetennis.com/booking-calendar/court-5?referral=service_list_widget","Richmond"
"UE Tennis","Court 5","2025-07-19","17:00","17:15","18:15","0","http://www.uetennis.com/booking-calendar/court-5?referral=service_list_widget","Richmond"
"UE Tennis","Court 5","2025-07-19","18:00","18:30","19:30","0","http://www.uetennis.com/booking-calendar/court-5?referral=service_list_widget","Richmond"
"UE Tennis","Court 5","2025-07-19","19:00","19:45","20:45","0","http://www.uetennis.com/booking-calendar/court-5?referral=service_list_widget","Richmond"
"UE Tennis","Court 5","2025-07-19","21:00","21:00","22:00","0","http://www.uetennis.com/booking-calendar/court-5?referral=service_list_widget","Richmond"
"UE Tennis","Court 5","2025-07-20","08:00","08:00","09:00","0","http://www.uetennis.com/booking-calendar/court-5?referral=service_list_widget","Richmond"
"UE Tennis","Court 5","2025-07-20","09:00","09:15","10:15","0","http://www.uetennis.com/booking-calendar/court-5?referral=service_list_widget","Richmond"
"UE Tennis","Court 5","2025-07-20","10:00","10:30","11:30","0","http://www.uetennis.com/booking-calendar/court-5?referral=service_list_widget","Richmond"
"UE Tennis","Court 5","2025-07-20","11:00","11:45","12:45","0","http://www.uetennis.com/booking-calendar/court-5?referral=service_list_widget","Richmond"
"UE Tennis","Court 5","2025-07-20","13:00","13:00","14:00","0","http://www.uetennis.com/booking-calendar/court-5?referral=service_list_widget","Richmond"
"UE Tennis","Court 5","2025-07-20","14:00","14:15","15:15","0","http://www.uetennis.com/booking-calendar/court-5?referral=service_list_widget","Richmond"
"UE Tennis","Court 5","2025-07-20","16:00","16:45","17:45","0","http://www.uetennis.com/booking-calendar/court-5?referral=service_list_widget","Richmond"
"UE Tennis","Court 5","2025-07-20","18:00","18:00","19:00","0","http://www.uetennis.com/booking-calendar/court-5?referral=service_list_widget","Richmond"
"UE Tennis","Court 5","2025-07-20","19:00","19:15","20:15","0","http://www.uetennis.com/booking-calendar/court-5?referral=service_list_widget","Richmond"
"UE Tennis","Court 5","2025-07-21","08:00","08:00","09:00","0","http://www.uetennis.com/booking-calendar/court-5?referral=service_list_widget","Richmond"
"UE Tennis","Court 5","2025-07-21","09:00","09:15","10:15","0","http://www.uetennis.com/booking-calendar/court-5?referral=service_list_widget","Richmond"
"UE Tennis","Court 5","2025-07-21","10:00","10:30","11:30","0","http://www.uetennis.com/booking-calendar/court-5?referral=service_list_widget","Richmond"
"UE Tennis","Court 5","2025-07-21","11:00","11:45","12:45","0","http://www.uetennis.com/booking-calendar/court-5?referral=service_list_widget","Richmond"
"UE Tennis","Court 5","2025-07-21","13:00","13:00","14:00","0","http://www.uetennis.com/booking-calendar/court-5?referral=service_list_widget","Richmond"
"UE Tennis","Court 5","2025-07-21","14:00","14:15","15:15","0","http://www.uetennis.com/booking-calendar/court-5?referral=service_list_widget","Richmond"
"UE Tennis","Court 5","2025-07-21","17:00","17:45","18:45","0","http://www.uetennis.com/booking-calendar/court-5?referral=service_list_widget","Richmond"
"UE Tennis","Court 5","2025-07-21","19:00","19:00","20:00","0","http://www.uetennis.com/booking-calendar/court-5?referral=service_list_widget","Richmond"
"UE Tennis","Court 5","2025-07-22","08:00","08:00","09:00","0","http://www.uetennis.com/booking-calendar/court-5?referral=service_list_widget","Richmond"
"UE Tennis","Court 5","2025-07-22","09:00","09:15","10:15","0","http://www.uetennis.com/booking-calendar/court-5?referral=service_list_widget","Richmond"
"UE Tennis","Court 5","2025-07-22","10:00","10:30","11:30","0","http://www.uetennis.com/booking-calendar/court-5?referral=service_list_widget","Richmond"
"UE Tennis","Court 5","2025-07-22","11:00","11:45","12:45","0","http://www.uetennis.com/booking-calendar/court-5?referral=service_list_widget","Richmond"
"UE Tennis","Court 5","2025-07-22","13:00","13:00","14:00","0","http://www.uetennis.com/booking-calendar/court-5?referral=service_list_widget","Richmond"
"UE Tennis","Court 5","2025-07-22","14:00","14:15","15:15","0","http://www.uetennis.com/booking-calendar/court-5?referral=service_list_widget","Richmond"
"UE Tennis","Court 5","2025-07-22","15:00","15:30","16:30","0","http://www.uetennis.com/booking-calendar/court-5?referral=service_list_widget","Richmond"
"UE Tennis","Court 5","2025-07-22","16:00","16:45","17:45","0","http://www.uetennis.com/booking-calendar/court-5?referral=service_list_widget","Richmond"
"UE Tennis","Court 5","2025-07-22","18:00","18:00","19:00","0","http://www.uetennis.com/booking-calendar/court-5?referral=service_list_widget","Richmond"
"UE Tennis","Court 5","2025-07-22","19:00","19:15","20:15","0","http://www.uetennis.com/booking-calendar/court-5?referral=service_list_widget","Richmond"
"UE Tennis","Court 5","2025-07-23","08:00","08:00","09:00","0","http://www.uetennis.com/booking-calendar/court-5?referral=service_list_widget","Richmond"
"UE Tennis","Court 5","2025-07-23","09:00","09:15","10:15","0","http://www.uetennis.com/booking-calendar/court-5?referral=service_list_widget","Richmond"
"UE Tennis","Court 5","2025-07-23","10:00","10:30","11:30","0","http://www.uetennis.com/booking-calendar/court-5?referral=service_list_widget","Richmond"
"UE Tennis","Court 5","2025-07-23","11:00","11:45","12:45","0","http://www.uetennis.com/booking-calendar/court-5?referral=service_list_widget","Richmond"
"UE Tennis","Court 5","2025-07-23","13:00","13:00","14:00","0","http://www.uetennis.com/booking-calendar/court-5?referral=service_list_widget","Richmond"
"UE Tennis","Court 5","2025-07-23","14:00","14:15","15:15","0","http://www.uetennis.com/booking-calendar/court-5?referral=service_list_widget","Richmond"
"UE Tennis","Court 5","2025-07-23","15:00","15:30","16:30","0","http://www.uetennis.com/booking-calendar/court-5?referral=service_list_widget","Richmond"
"UE Tennis","Court 5","2025-07-23","16:00","16:45","17:45","0","http://www.uetennis.com/booking-calendar/court-5?referral=service_list_widget","Richmond"
"UE Tennis","Court 5","2025-07-23","18:00","18:00","19:00","0","http://www.uetennis.com/booking-calendar/court-5?referral=service_list_widget","Richmond"
"UE Tennis","Court 5","2025-07-23","19:00","19:15","20:15","0","http://www.uetennis.com/booking-calendar/court-5?referral=service_list_widget","Richmond"
"Tennis BC Hub @ Richmond","Bubble Court 1","2025-07-15","06:00","06:30","08:00","0","https://clubspark.ca/TBCHubRichmond/Booking/bookbycourt#?startDate=2025-07-15&endDate=2025-07-22&resource=0&&role=guest","Richmond"
"Tennis BC Hub @ Richmond","Bubble Court 1","2025-07-15","09:00","09:00","10:00","0","https://clubspark.ca/TBCHubRichmond/Booking/bookbycourt#?startDate=2025-07-15&endDate=2025-07-22&resource=0&&role=guest","Richmond"
"Tennis BC Hub @ Richmond","Bubble Court 1","2025-07-15","13:00","13:00","14:30","0","https://clubspark.ca/TBCHubRichmond/Booking/bookbycourt#?startDate=2025-07-15&endDate=2025-07-22&resource=0&&role=guest","Richmond"
"Tennis BC Hub @ Richmond","Bubble Court 1","2025-07-16","06:00","06:30","07:30","0","https://clubspark.ca/TBCHubRichmond/Booking/bookbycourt#?startDate=2025-07-15&endDate=2025-07-22&resource=0&&role=guest","Richmond"
"Tennis BC Hub @ Richmond","Bubble Court 1","2025-07-16","08:00","08:30","10:00","0","https://clubspark.ca/TBCHubRichmond/Booking/bookbycourt#?startDate=2025-07-15&endDate=2025-07-22&resource=0&&role=guest","Richmond"
"Tennis BC Hub @ Richmond","Bubble Court 1","2025-07-17","06:00","06:30","08:00","0","https://clubspark.ca/TBCHubRichmond/Booking/bookbycourt#?startDate=2025-07-15&endDate=2025-07-22&resource=0&&role=guest","Richmond"
"Tennis BC Hub @ Richmond","Bubble Court 1","2025-07-17","09:00","09:00","10:00","0","https://clubspark.ca/TBCHubRichmond/Booking/bookbycourt#?startDate=2025-07-15&endDate=2025-07-22&resource=0&&role=guest","Richmond"
"Tennis BC Hub @ Richmond","Bubble Court 1","2025-07-17","14:00","14:00","14:30","0","https://clubspark.ca/TBCHubRichmond/Booking/bookbycourt#?startDate=2025-07-15&endDate=2025-07-22&resource=0&&role=guest","Richmond"
"Tennis BC Hub @ Richmond","Bubble Court 1","2025-07-18","06:00","06:30","10:00","0","https://clubspark.ca/TBCHubRichmond/Booking/bookbycourt#?startDate=2025-07-15&endDate=2025-07-22&resource=0&&role=guest","Richmond"
"Tennis BC Hub @ Richmond","Bubble Court 1","2025-07-18","22:00","22:00","23:00","0","https://clubspark.ca/TBCHubRichmond/Booking/bookbycourt#?startDate=2025-07-15&endDate=2025-07-22&resource=0&&role=guest","Richmond"
"Tennis BC Hub @ Richmond","Bubble Court 1","2025-07-19","07:00","07:30","08:00","0","https://clubspark.ca/TBCHubRichmond/Booking/bookbycourt#?startDate=2025-07-15&endDate=2025-07-22&resource=0&&role=guest","Richmond"
"Tennis BC Hub @ Richmond","Bubble Court 1","2025-07-20","07:00","07:30","08:00","0","https://clubspark.ca/TBCHubRichmond/Booking/bookbycourt#?startDate=2025-07-15&endDate=2025-07-22&resource=0&&role=guest","Richmond"
"Tennis BC Hub @ Richmond","Bubble Court 1","2025-07-21","06:00","06:30","08:00","0","https://clubspark.ca/TBCHubRichmond/Booking/bookbycourt#?startDate=2025-07-15&endDate=2025-07-22&resource=0&&role=guest","Richmond"
"Tennis BC Hub @ Richmond","Bubble Court 1","2025-07-21","13:00","13:30","14:30","0","https://clubspark.ca/TBCHubRichmond/Booking/bookbycourt#?startDate=2025-07-15&endDate=2025-07-22&resource=0&&role=guest","Richmond"
"Tennis BC Hub @ Richmond","Bubble Court 1","2025-07-21","17:00","17:00","18:30","0","https://clubspark.ca/TBCHubRichmond/Booking/bookbycourt#?startDate=2025-07-15&endDate=2025-07-22&resource=0&&role=guest","Richmond"
"Tennis BC Hub @ Richmond","Bubble Court 1","2025-07-21","20:00","20:00","23:00","0","https://clubspark.ca/TBCHubRichmond/Booking/bookbycourt#?startDate=2025-07-15&endDate=2025-07-22&resource=0&&role=guest","Richmond"
"Tennis BC Hub @ Richmond","Bubble Court 1","2025-07-22","06:00","06:30","09:00","0","https://clubspark.ca/TBCHubRichmond/Booking/bookbycourt#?startDate=2025-07-15&endDate=2025-07-22&resource=0&&role=guest","Richmond"
"Tennis BC Hub @ Richmond","Bubble Court 1","2025-07-22","13:00","13:30","14:30","0","https://clubspark.ca/TBCHubRichmond/Booking/bookbycourt#?startDate=2025-07-15&endDate=2025-07-22&resource=0&&role=guest","Richmond"
"Tennis BC Hub @ Richmond","Bubble Court 1","2025-07-23","06:00","06:30","09:00","0","https://clubspark.ca/TBCHubRichmond/Booking/bookbycourt#?startDate=2025-07-15&endDate=2025-07-22&resource=0&&role=guest","Richmond"
"Tennis BC Hub @ Richmond","Bubble Court 1","2025-07-23","13:00","13:30","14:30","0","https://clubspark.ca/TBCHubRichmond/Booking/bookbycourt#?startDate=2025-07-15&endDate=2025-07-22&resource=0&&role=guest","Richmond"
"Tennis BC Hub @ Richmond","Bubble Court 1","2025-07-23","20:00","20:00","23:00","169.57596027777777","https://clubspark.ca/TBCHubRichmond/Booking/bookbycourt#?startDate=2025-07-15&endDate=2025-07-22&resource=0&&role=guest","Richmond"
"Tennis BC Hub @ Richmond","Bubble Court 1","2025-07-24","06:00","06:30","09:00","180.07596027777777","https://clubspark.ca/TBCHubRichmond/Booking/bookbycourt#?startDate=2025-07-15&endDate=2025-07-22&resource=0&&role=guest","Richmond"
"Tennis BC Hub @ Richmond","Bubble Court 1","2025-07-24","13:00","13:30","14:30","187.07596027777777","https://clubspark.ca/TBCHubRichmond/Booking/bookbycourt#?startDate=2025-07-15&endDate=2025-07-22&resource=0&&role=guest","Richmond"
"Tennis BC Hub @ Richmond","Bubble Court 1","2025-07-24","21:00","21:00","23:00","194.57596027777777","https://clubspark.ca/TBCHubRichmond/Booking/bookbycourt#?startDate=2025-07-15&endDate=2025-07-22&resource=0&&role=guest","Richmond"
"Tennis BC Hub @ Richmond","Bubble Court 1","2025-07-25","06:00","06:30","09:00","204.07596027777777","https://clubspark.ca/TBCHubRichmond/Booking/bookbycourt#?startDate=2025-07-15&endDate=2025-07-22&resource=0&&role=guest","Richmond"
"Tennis BC Hub @ Richmond","Bubble Court 1","2025-07-25","13:00","13:30","14:30","211.07596027777777","https://clubspark.ca/TBCHubRichmond/Booking/bookbycourt#?startDate=2025-07-15&endDate=2025-07-22&resource=0&&role=guest","Richmond"
"Tennis BC Hub @ Richmond","Bubble Court 1","2025-07-25","21:00","21:00","23:00","218.57596027777777","https://clubspark.ca/TBCHubRichmond/Booking/bookbycourt#?startDate=2025-07-15&endDate=2025-07-22&resource=0&&role=guest","Richmond"
"Tennis BC Hub @ Richmond","Bubble Court 1","2025-07-26","07:00","07:30","23:00","229.07596027777777","https://clubspark.ca/TBCHubRichmond/Booking/bookbycourt#?startDate=2025-07-15&endDate=2025-07-22&resource=0&&role=guest","Richmond"
"Tennis BC Hub @ Richmond","Bubble Court 1","2025-07-27","07:00","07:30","23:00","253.07596027777777","https://clubspark.ca/TBCHubRichmond/Booking/bookbycourt#?startDate=2025-07-15&endDate=2025-07-22&resource=0&&role=guest","Richmond"
"Tennis BC Hub @ Richmond","Bubble Court 2","2025-07-15","06:00","06:30","09:00","0","https://clubspark.ca/TBCHubRichmond/Booking/bookbycourt#?startDate=2025-07-15&endDate=2025-07-22&resource=1&&role=guest","Richmond"
"Tennis BC Hub @ Richmond","Bubble Court 2","2025-07-16","06:00","06:30","09:00","0","https://clubspark.ca/TBCHubRichmond/Booking/bookbycourt#?startDate=2025-07-15&endDate=2025-07-22&resource=1&&role=guest","Richmond"
"Tennis BC Hub @ Richmond","Bubble Court 2","2025-07-16","13:00","13:30","14:30","0","https://clubspark.ca/TBCHubRichmond/Booking/bookbycourt#?startDate=2025-07-15&endDate=2025-07-22&resource=1&&role=guest","Richmond"
"Tennis BC Hub @ Richmond","Bubble Court 2","2025-07-17","06:00","06:30","09:00","0","https://clubspark.ca/TBCHubRichmond/Booking/bookbycourt#?startDate=2025-07-15&endDate=2025-07-22&resource=1&&role=guest","Richmond"
"Tennis BC Hub @ Richmond","Bubble Court 2","2025-07-18","06:00","06:30","09:00","0","https://clubspark.ca/TBCHubRichmond/Booking/bookbycourt#?startDate=2025-07-15&endDate=2025-07-22&resource=1&&role=guest","Richmond"
"Tennis BC Hub @ Richmond","Bubble Court 2","2025-07-18","21:00","21:00","21:30","0","https://clubspark.ca/TBCHubRichmond/Booking/bookbycourt#?startDate=2025-07-15&endDate=2025-07-22&resource=1&&role=guest","Richmond"
"Tennis BC Hub @ Richmond","Bubble Court 2","2025-07-19","07:00","07:30","08:00","0","https://clubspark.ca/TBCHubRichmond/Booking/bookbycourt#?startDate=2025-07-15&endDate=2025-07-22&resource=1&&role=guest","Richmond"
"Tennis BC Hub @ Richmond","Bubble Court 2","2025-07-20","07:00","07:30","08:00","0","https://clubspark.ca/TBCHubRichmond/Booking/bookbycourt#?startDate=2025-07-15&endDate=2025-07-22&resource=1&&role=guest","Richmond"
"Tennis BC Hub @ Richmond","Bubble Court 2","2025-07-21","06:00","06:30","08:00","0","https://clubspark.ca/TBCHubRichmond/Booking/bookbycourt#?startDate=2025-07-15&endDate=2025-07-22&resource=1&&role=guest","Richmond"
"Tennis BC Hub @ Richmond","Bubble Court 2","2025-07-21","13:00","13:30","14:30","0","https://clubspark.ca/TBCHubRichmond/Booking/bookbycourt#?startDate=2025-07-15&endDate=2025-07-22&resource=1&&role=guest","Richmond"
"Tennis BC Hub @ Richmond","Bubble Court 2","2025-07-21","20:00","20:00","23:00","0","https://clubspark.ca/TBCHubRichmond/Booking/bookbycourt#?startDate=2025-07-15&endDate=2025-07-22&resource=1&&role=guest","Richmond"
"Tennis BC Hub @ Richmond","Bubble Court 2","2025-07-22","06:00","06:30","09:00","0","https://clubspark.ca/TBCHubRichmond/Booking/bookbycourt#?startDate=2025-07-15&endDate=2025-07-22&resource=1&&role=guest","Richmond"
"Tennis BC Hub @ Richmond","Bubble Court 2","2025-07-22","13:00","13:30","14:30","0","https://clubspark.ca/TBCHubRichmond/Booking/bookbycourt#?startDate=2025-07-15&endDate=2025-07-22&resource=1&&role=guest","Richmond"
"Tennis BC Hub @ Richmond","Bubble Court 2","2025-07-22","22:00","22:00","23:00","0","https://clubspark.ca/TBCHubRichmond/Booking/bookbycourt#?startDate=2025-07-15&endDate=2025-07-22&resource=1&&role=guest","Richmond"
"Tennis BC Hub @ Richmond","Bubble Court 2","2025-07-23","06:00","06:30","09:00","0","https://clubspark.ca/TBCHubRichmond/Booking/bookbycourt#?startDate=2025-07-15&endDate=2025-07-22&resource=1&&role=guest","Richmond"
"Tennis BC Hub @ Richmond","Bubble Court 2","2025-07-23","13:00","13:30","14:30","0","https://clubspark.ca/TBCHubRichmond/Booking/bookbycourt#?startDate=2025-07-15&endDate=2025-07-22&resource=1&&role=guest","Richmond"
"Tennis BC Hub @ Richmond","Bubble Court 2","2025-07-23","20:00","20:00","23:00","169.57596027777777","https://clubspark.ca/TBCHubRichmond/Booking/bookbycourt#?startDate=2025-07-15&endDate=2025-07-22&resource=1&&role=guest","Richmond"
"Tennis BC Hub @ Richmond","Bubble Court 2","2025-07-24","06:00","06:30","09:00","180.07596027777777","https://clubspark.ca/TBCHubRichmond/Booking/bookbycourt#?startDate=2025-07-15&endDate=2025-07-22&resource=1&&role=guest","Richmond"
"Tennis BC Hub @ Richmond","Bubble Court 2","2025-07-24","13:00","13:30","14:30","187.07596027777777","https://clubspark.ca/TBCHubRichmond/Booking/bookbycourt#?startDate=2025-07-15&endDate=2025-07-22&resource=1&&role=guest","Richmond"
"Tennis BC Hub @ Richmond","Bubble Court 2","2025-07-24","20:00","20:00","23:00","193.57596027777777","https://clubspark.ca/TBCHubRichmond/Booking/bookbycourt#?startDate=2025-07-15&endDate=2025-07-22&resource=1&&role=guest","Richmond"
"Tennis BC Hub @ Richmond","Bubble Court 2","2025-07-25","06:00","06:30","09:00","204.07596027777777","https://clubspark.ca/TBCHubRichmond/Booking/bookbycourt#?startDate=2025-07-15&endDate=2025-07-22&resource=1&&role=guest","Richmond"
"Tennis BC Hub @ Richmond","Bubble Court 2","2025-07-25","13:00","13:30","14:30","211.07596027777777","https://clubspark.ca/TBCHubRichmond/Booking/bookbycourt#?startDate=2025-07-15&endDate=2025-07-22&resource=1&&role=guest","Richmond"
"Tennis BC Hub @ Richmond","Bubble Court 2","2025-07-25","21:00","21:00","23:00","218.57596027777777","https://clubspark.ca/TBCHubRichmond/Booking/bookbycourt#?startDate=2025-07-15&endDate=2025-07-22&resource=1&&role=guest","Richmond"
"Tennis BC Hub @ Richmond","Bubble Court 2","2025-07-26","07:00","07:30","23:00","229.07596027777777","https://clubspark.ca/TBCHubRichmond/Booking/bookbycourt#?startDate=2025-07-15&endDate=2025-07-22&resource=1&&role=guest","Richmond"
"Tennis BC Hub @ Richmond","Bubble Court 2","2025-07-27","07:00","07:30","23:00","253.07596027777777","https://clubspark.ca/TBCHubRichmond/Booking/bookbycourt#?startDate=2025-07-15&endDate=2025-07-22&resource=1&&role=guest","Richmond"
"Tennis BC Hub @ Richmond","Bubble Court 3","2025-07-15","06:00","06:30","07:00","0","https://clubspark.ca/TBCHubRichmond/Booking/bookbycourt#?startDate=2025-07-15&endDate=2025-07-22&resource=2&&role=guest","Richmond"
"Tennis BC Hub @ Richmond","Bubble Court 3","2025-07-15","13:00","13:00","18:30","0","https://clubspark.ca/TBCHubRichmond/Booking/bookbycourt#?startDate=2025-07-15&endDate=2025-07-22&resource=2&&role=guest","Richmond"
"Tennis BC Hub @ Richmond","Bubble Court 3","2025-07-16","06:00","06:30","08:00","0","https://clubspark.ca/TBCHubRichmond/Booking/bookbycourt#?startDate=2025-07-15&endDate=2025-07-22&resource=2&&role=guest","Richmond"
"Tennis BC Hub @ Richmond","Bubble Court 3","2025-07-17","06:00","06:30","09:00","0","https://clubspark.ca/TBCHubRichmond/Booking/bookbycourt#?startDate=2025-07-15&endDate=2025-07-22&resource=2&&role=guest","Richmond"
"Tennis BC Hub @ Richmond","Bubble Court 3","2025-07-17","13:00","13:00","13:30","0","https://clubspark.ca/TBCHubRichmond/Booking/bookbycourt#?startDate=2025-07-15&endDate=2025-07-22&resource=2&&role=guest","Richmond"
"Tennis BC Hub @ Richmond","Bubble Court 3","2025-07-17","14:00","14:30","17:00","0","https://clubspark.ca/TBCHubRichmond/Booking/bookbycourt#?startDate=2025-07-15&endDate=2025-07-22&resource=2&&role=guest","Richmond"
"Tennis BC Hub @ Richmond","Bubble Court 3","2025-07-18","06:00","06:30","09:00","0","https://clubspark.ca/TBCHubRichmond/Booking/bookbycourt#?startDate=2025-07-15&endDate=2025-07-22&resource=2&&role=guest","Richmond"
"Tennis BC Hub @ Richmond","Bubble Court 3","2025-07-18","13:00","13:00","19:00","0","https://clubspark.ca/TBCHubRichmond/Booking/bookbycourt#?startDate=2025-07-15&endDate=2025-07-22&resource=2&&role=guest","Richmond"
"Tennis BC Hub @ Richmond","Bubble Court 3","2025-07-18","21:00","21:00","23:00","0","https://clubspark.ca/TBCHubRichmond/Booking/bookbycourt#?startDate=2025-07-15&endDate=2025-07-22&resource=2&&role=guest","Richmond"
"Tennis BC Hub @ Richmond","Bubble Court 3","2025-07-19","07:00","07:30","08:00","0","https://clubspark.ca/TBCHubRichmond/Booking/bookbycourt#?startDate=2025-07-15&endDate=2025-07-22&resource=2&&role=guest","Richmond"
"Tennis BC Hub @ Richmond","Bubble Court 3","2025-07-20","07:00","07:30","08:00","0","https://clubspark.ca/TBCHubRichmond/Booking/bookbycourt#?startDate=2025-07-15&endDate=2025-07-22&resource=2&&role=guest","Richmond"
"Tennis BC Hub @ Richmond","Bubble Court 3","2025-07-21","06:00","06:30","09:00","0","https://clubspark.ca/TBCHubRichmond/Booking/bookbycourt#?startDate=2025-07-15&endDate=2025-07-22&resource=2&&role=guest","Richmond"
"Tennis BC Hub @ Richmond","Bubble Court 3","2025-07-21","13:00","13:30","14:30","0","https://clubspark.ca/TBCHubRichmond/Booking/bookbycourt#?startDate=2025-07-15&endDate=2025-07-22&resource=2&&role=guest","Richmond"
"Tennis BC Hub @ Richmond","Bubble Court 3","2025-07-21","20:00","20:00","23:00","0","https://clubspark.ca/TBCHubRichmond/Booking/bookbycourt#?startDate=2025-07-15&endDate=2025-07-22&resource=2&&role=guest","Richmond"
"Tennis BC Hub @ Richmond","Bubble Court 3","2025-07-22","06:00","06:30","09:00","0","https://clubspark.ca/TBCHubRichmond/Booking/bookbycourt#?startDate=2025-07-15&endDate=2025-07-22&resource=2&&role=guest","Richmond"
"Tennis BC Hub @ Richmond","Bubble Court 3","2025-07-22","13:00","13:30","14:30","0","https://clubspark.ca/TBCHubRichmond/Booking/bookbycourt#?startDate=2025-07-15&endDate=2025-07-22&resource=2&&role=guest","Richmond"
"Tennis BC Hub @ Richmond","Bubble Court 3","2025-07-22","22:00","22:00","23:00","0","https://clubspark.ca/TBCHubRichmond/Booking/bookbycourt#?startDate=2025-07-15&endDate=2025-07-22&resource=2&&role=guest","Richmond"
"Tennis BC Hub @ Richmond","Bubble Court 3","2025-07-23","06:00","06:30","09:00","0","https://clubspark.ca/TBCHubRichmond/Booking/bookbycourt#?startDate=2025-07-15&endDate=2025-07-22&resource=2&&role=guest","Richmond"
"Tennis BC Hub @ Richmond","Bubble Court 3","2025-07-23","13:00","13:30","14:30","0","https://clubspark.ca/TBCHubRichmond/Booking/bookbycourt#?startDate=2025-07-15&endDate=2025-07-22&resource=2&&role=guest","Richmond"
"Tennis BC Hub @ Richmond","Bubble Court 3","2025-07-23","20:00","20:00","23:00","169.57596027777777","https://clubspark.ca/TBCHubRichmond/Booking/bookbycourt#?startDate=2025-07-15&endDate=2025-07-22&resource=2&&role=guest","Richmond"
"Tennis BC Hub @ Richmond","Bubble Court 3","2025-07-24","06:00","06:30","09:00","180.07596027777777","https://clubspark.ca/TBCHubRichmond/Booking/bookbycourt#?startDate=2025-07-15&endDate=2025-07-22&resource=2&&role=guest","Richmond"
"Tennis BC Hub @ Richmond","Bubble Court 3","2025-07-24","13:00","13:30","14:30","187.07596027777777","https://clubspark.ca/TBCHubRichmond/Booking/bookbycourt#?startDate=2025-07-15&endDate=2025-07-22&resource=2&&role=guest","Richmond"
"Tennis BC Hub @ Richmond","Bubble Court 3","2025-07-24","20:00","20:00","23:00","193.57596027777777","https://clubspark.ca/TBCHubRichmond/Booking/bookbycourt#?startDate=2025-07-15&endDate=2025-07-22&resource=2&&role=guest","Richmond"
"Tennis BC Hub @ Richmond","Bubble Court 3","2025-07-25","06:00","06:30","09:00","204.07596027777777","https://clubspark.ca/TBCHubRichmond/Booking/bookbycourt#?startDate=2025-07-15&endDate=2025-07-22&resource=2&&role=guest","Richmond"
"Tennis BC Hub @ Richmond","Bubble Court 3","2025-07-25","13:00","13:30","14:30","211.07596027777777","https://clubspark.ca/TBCHubRichmond/Booking/bookbycourt#?startDate=2025-07-15&endDate=2025-07-22&resource=2&&role=guest","Richmond"
"Tennis BC Hub @ Richmond","Bubble Court 3","2025-07-25","17:00","17:00","19:00","214.57596027777777","https://clubspark.ca/TBCHubRichmond/Booking/bookbycourt#?startDate=2025-07-15&endDate=2025-07-22&resource=2&&role=guest","Richmond"
"Tennis BC Hub @ Richmond","Bubble Court 3","2025-07-25","21:00","21:00","23:00","218.57596027777777","https://clubspark.ca/TBCHubRichmond/Booking/bookbycourt#?startDate=2025-07-15&endDate=2025-07-22&resource=2&&role=guest","Richmond"
"Tennis BC Hub @ Richmond","Bubble Court 3","2025-07-26","07:00","07:30","23:00","229.07596027777777","https://clubspark.ca/TBCHubRichmond/Booking/bookbycourt#?startDate=2025-07-15&endDate=2025-07-22&resource=2&&role=guest","Richmond"
"Tennis BC Hub @ Richmond","Bubble Court 3","2025-07-27","07:00","07:30","23:00","253.07596027777777","https://clubspark.ca/TBCHubRichmond/Booking/bookbycourt#?startDate=2025-07-15&endDate=2025-07-22&resource=2&&role=guest","Richmond"
"Tennis BC Hub @ Richmond","Bubble Court 4","2025-07-15","06:00","06:30","07:00","0","https://clubspark.ca/TBCHubRichmond/Booking/bookbycourt#?startDate=2025-07-15&endDate=2025-07-22&resource=3&&role=guest","Richmond"
"Tennis BC Hub @ Richmond","Bubble Court 4","2025-07-15","08:00","08:00","11:00","0","https://clubspark.ca/TBCHubRichmond/Booking/bookbycourt#?startDate=2025-07-15&endDate=2025-07-22&resource=3&&role=guest","Richmond"
"Tennis BC Hub @ Richmond","Bubble Court 4","2025-07-15","14:00","14:00","18:30","0","https://clubspark.ca/TBCHubRichmond/Booking/bookbycourt#?startDate=2025-07-15&endDate=2025-07-22&resource=3&&role=guest","Richmond"
"Tennis BC Hub @ Richmond","Bubble Court 4","2025-07-16","06:00","06:30","07:00","0","https://clubspark.ca/TBCHubRichmond/Booking/bookbycourt#?startDate=2025-07-15&endDate=2025-07-22&resource=3&&role=guest","Richmond"
"Tennis BC Hub @ Richmond","Bubble Court 4","2025-07-17","06:00","06:30","10:00","0","https://clubspark.ca/TBCHubRichmond/Booking/bookbycourt#?startDate=2025-07-15&endDate=2025-07-22&resource=3&&role=guest","Richmond"
"Tennis BC Hub @ Richmond","Bubble Court 4","2025-07-17","14:00","14:00","18:30","0","https://clubspark.ca/TBCHubRichmond/Booking/bookbycourt#?startDate=2025-07-15&endDate=2025-07-22&resource=3&&role=guest","Richmond"
"Tennis BC Hub @ Richmond","Bubble Court 4","2025-07-18","06:00","06:30","07:00","0","https://clubspark.ca/TBCHubRichmond/Booking/bookbycourt#?startDate=2025-07-15&endDate=2025-07-22&resource=3&&role=guest","Richmond"
"Tennis BC Hub @ Richmond","Bubble Court 4","2025-07-18","14:00","14:00","19:00","0","https://clubspark.ca/TBCHubRichmond/Booking/bookbycourt#?startDate=2025-07-15&endDate=2025-07-22&resource=3&&role=guest","Richmond"
"Tennis BC Hub @ Richmond","Bubble Court 4","2025-07-18","21:00","21:00","23:00","0","https://clubspark.ca/TBCHubRichmond/Booking/bookbycourt#?startDate=2025-07-15&endDate=2025-07-22&resource=3&&role=guest","Richmond"
"Tennis BC Hub @ Richmond","Bubble Court 4","2025-07-19","07:00","07:30","08:00","0","https://clubspark.ca/TBCHubRichmond/Booking/bookbycourt#?startDate=2025-07-15&endDate=2025-07-22&resource=3&&role=guest","Richmond"
"Tennis BC Hub @ Richmond","Bubble Court 4","2025-07-20","07:00","07:30","08:00","0","https://clubspark.ca/TBCHubRichmond/Booking/bookbycourt#?startDate=2025-07-15&endDate=2025-07-22&resource=3&&role=guest","Richmond"
"Tennis BC Hub @ Richmond","Bubble Court 4","2025-07-21","06:00","06:30","07:00","0","https://clubspark.ca/TBCHubRichmond/Booking/bookbycourt#?startDate=2025-07-15&endDate=2025-07-22&resource=3&&role=guest","Richmond"
"Tennis BC Hub @ Richmond","Bubble Court 4","2025-07-21","09:00","09:00","11:00","0","https://clubspark.ca/TBCHubRichmond/Booking/bookbycourt#?startDate=2025-07-15&endDate=2025-07-22&resource=3&&role=guest","Richmond"
"Tennis BC Hub @ Richmond","Bubble Court 4","2025-07-21","14:00","14:00","14:30","0","https://clubspark.ca/TBCHubRichmond/Booking/bookbycourt#?startDate=2025-07-15&endDate=2025-07-22&resource=3&&role=guest","Richmond"
"Tennis BC Hub @ Richmond","Bubble Court 4","2025-07-21","20:00","20:00","23:00","0","https://clubspark.ca/TBCHubRichmond/Booking/bookbycourt#?startDate=2025-07-15&endDate=2025-07-22&resource=3&&role=guest","Richmond"
"Tennis BC Hub @ Richmond","Bubble Court 4","2025-07-22","06:00","06:30","07:00","0","https://clubspark.ca/TBCHubRichmond/Booking/bookbycourt#?startDate=2025-07-15&endDate=2025-07-22&resource=3&&role=guest","Richmond"
"Tennis BC Hub @ Richmond","Bubble Court 4","2025-07-22","08:00","08:00","09:00","0","https://clubspark.ca/TBCHubRichmond/Booking/bookbycourt#?startDate=2025-07-15&endDate=2025-07-22&resource=3&&role=guest","Richmond"
"Tennis BC Hub @ Richmond","Bubble Court 4","2025-07-22","14:00","14:00","14:30","0","https://clubspark.ca/TBCHubRichmond/Booking/bookbycourt#?startDate=2025-07-15&endDate=2025-07-22&resource=3&&role=guest","Richmond"
"Tennis BC Hub @ Richmond","Bubble Court 4","2025-07-22","20:00","20:00","23:00","0","https://clubspark.ca/TBCHubRichmond/Booking/bookbycourt#?startDate=2025-07-15&endDate=2025-07-22&resource=3&&role=guest","Richmond"
"Tennis BC Hub @ Richmond","Bubble Court 4","2025-07-23","06:00","06:30","09:00","0","https://clubspark.ca/TBCHubRichmond/Booking/bookbycourt#?startDate=2025-07-15&endDate=2025-07-22&resource=3&&role=guest","Richmond"
"Tennis BC Hub @ Richmond","Bubble Court 4","2025-07-23","12:00","12:30","14:30","0","https://clubspark.ca/TBCHubRichmond/Booking/bookbycourt#?startDate=2025-07-15&endDate=2025-07-22&resource=3&&role=guest","Richmond"
"Tennis BC Hub @ Richmond","Bubble Court 4","2025-07-23","20:00","20:00","23:00","169.57596027777777","https://clubspark.ca/TBCHubRichmond/Booking/bookbycourt#?startDate=2025-07-15&endDate=2025-07-22&resource=3&&role=guest","Richmond"
"Tennis BC Hub @ Richmond","Bubble Court 4","2025-07-24","06:00","06:30","09:00","180.07596027777777","https://clubspark.ca/TBCHubRichmond/Booking/bookbycourt#?startDate=2025-07-15&endDate=2025-07-22&resource=3&&role=guest","Richmond"
"Tennis BC Hub @ Richmond","Bubble Court 4","2025-07-24","14:00","14:00","14:30","187.57596027777777","https://clubspark.ca/TBCHubRichmond/Booking/bookbycourt#?startDate=2025-07-15&endDate=2025-07-22&resource=3&&role=guest","Richmond"
"Tennis BC Hub @ Richmond","Bubble Court 4","2025-07-24","17:00","17:00","18:30","190.57596027777777","https://clubspark.ca/TBCHubRichmond/Booking/bookbycourt#?startDate=2025-07-15&endDate=2025-07-22&resource=3&&role=guest","Richmond"
"Tennis BC Hub @ Richmond","Bubble Court 4","2025-07-24","20:00","20:00","23:00","193.57596027777777","https://clubspark.ca/TBCHubRichmond/Booking/bookbycourt#?startDate=2025-07-15&endDate=2025-07-22&resource=3&&role=guest","Richmond"
"Tennis BC Hub @ Richmond","Bubble Court 4","2025-07-25","06:00","06:30","09:00","204.07596027777777","https://clubspark.ca/TBCHubRichmond/Booking/bookbycourt#?startDate=2025-07-15&endDate=2025-07-22&resource=3&&role=guest","Richmond"
"Tennis BC Hub @ Richmond","Bubble Court 4","2025-07-25","14:00","14:00","14:30","211.57596027777777","https://clubspark.ca/TBCHubRichmond/Booking/bookbycourt#?startDate=2025-07-15&endDate=2025-07-22&resource=3&&role=guest","Richmond"
"Tennis BC Hub @ Richmond","Bubble Court 4","2025-07-25","17:00","17:00","23:00","214.57596027777777","https://clubspark.ca/TBCHubRichmond/Booking/bookbycourt#?startDate=2025-07-15&endDate=2025-07-22&resource=3&&role=guest","Richmond"
"Tennis BC Hub @ Richmond","Bubble Court 4","2025-07-26","07:00","07:30","23:00","229.07596027777777","https://clubspark.ca/TBCHubRichmond/Booking/bookbycourt#?startDate=2025-07-15&endDate=2025-07-22&resource=3&&role=guest","Richmond"
"Tennis BC Hub @ Richmond","Bubble Court 4","2025-07-27","07:00","07:30","23:00","253.07596027777777","https://clubspark.ca/TBCHubRichmond/Booking/bookbycourt#?startDate=2025-07-15&endDate=2025-07-22&resource=3&&role=guest","Richmond"
"Tennis BC Hub @ Stanley Park","Stanley Park Court #1","2025-07-15","06:00","06:30","07:00","0","https://clubspark.ca/TBCHubStanleyPark/Booking/bookbycourt#?startDate=2025-07-15&endDate=2025-07-22&resource=0&&role=guest","Vancouver DT"
"Tennis BC Hub @ Stanley Park","Stanley Park Court #1","2025-07-16","06:00","06:30","07:00","0","https://clubspark.ca/TBCHubStanleyPark/Booking/bookbycourt#?startDate=2025-07-15&endDate=2025-07-22&resource=0&&role=guest","Vancouver DT"
"Tennis BC Hub @ Stanley Park","Stanley Park Court #1","2025-07-17","06:00","06:30","07:00","0","https://clubspark.ca/TBCHubStanleyPark/Booking/bookbycourt#?startDate=2025-07-15&endDate=2025-07-22&resource=0&&role=guest","Vancouver DT"
"Tennis BC Hub @ Stanley Park","Stanley Park Court #1","2025-07-18","06:00","06:30","07:00","0","https://clubspark.ca/TBCHubStanleyPark/Booking/bookbycourt#?startDate=2025-07-15&endDate=2025-07-22&resource=0&&role=guest","Vancouver DT"
"Tennis BC Hub @ Stanley Park","Stanley Park Court #1","2025-07-19","06:00","06:30","07:00","0","https://clubspark.ca/TBCHubStanleyPark/Booking/bookbycourt#?startDate=2025-07-15&endDate=2025-07-22&resource=0&&role=guest","Vancouver DT"
"Tennis BC Hub @ Stanley Park","Stanley Park Court #1","2025-07-20","06:00","06:30","07:00","0","https://clubspark.ca/TBCHubStanleyPark/Booking/bookbycourt#?startDate=2025-07-15&endDate=2025-07-22&resource=0&&role=guest","Vancouver DT"
"Tennis BC Hub @ Stanley Park","Stanley Park Court #1","2025-07-21","09:00","09:00","10:00","0","https://clubspark.ca/TBCHubStanleyPark/Booking/bookbycourt#?startDate=2025-07-15&endDate=2025-07-22&resource=0&&role=guest","Vancouver DT"
"Tennis BC Hub @ Stanley Park","Stanley Park Court #1","2025-07-21","12:00","12:00","17:00","0","https://clubspark.ca/TBCHubStanleyPark/Booking/bookbycourt#?startDate=2025-07-15&endDate=2025-07-22&resource=0&&role=guest","Vancouver DT"
"Tennis BC Hub @ Stanley Park","Stanley Park Court #1","2025-07-22","06:00","06:30","08:00","0","https://clubspark.ca/TBCHubStanleyPark/Booking/bookbycourt#?startDate=2025-07-15&endDate=2025-07-22&resource=0&&role=guest","Vancouver DT"
"Tennis BC Hub @ Stanley Park","Stanley Park Court #1","2025-07-22","09:00","09:00","09:30","0","https://clubspark.ca/TBCHubStanleyPark/Booking/bookbycourt#?startDate=2025-07-15&endDate=2025-07-22&resource=0&&role=guest","Vancouver DT"
"Tennis BC Hub @ Stanley Park","Stanley Park Court #1","2025-07-22","10:00","10:30","19:00","0","https://clubspark.ca/TBCHubStanleyPark/Booking/bookbycourt#?startDate=2025-07-15&endDate=2025-07-22&resource=0&&role=guest","Vancouver DT"
"Tennis BC Hub @ Stanley Park","Stanley Park Court #1","2025-07-23","06:00","06:30","08:00","0","https://clubspark.ca/TBCHubStanleyPark/Booking/bookbycourt#?startDate=2025-07-15&endDate=2025-07-22&resource=0&&role=guest","Vancouver DT"
"Tennis BC Hub @ Stanley Park","Stanley Park Court #1","2025-07-23","09:00","09:00","10:00","0","https://clubspark.ca/TBCHubStanleyPark/Booking/bookbycourt#?startDate=2025-07-15&endDate=2025-07-22&resource=0&&role=guest","Vancouver DT"
"Tennis BC Hub @ Stanley Park","Stanley Park Court #1","2025-07-23","12:00","12:00","18:00","0","https://clubspark.ca/TBCHubStanleyPark/Booking/bookbycourt#?startDate=2025-07-15&endDate=2025-07-22&resource=0&&role=guest","Vancouver DT"
"Tennis BC Hub @ Stanley Park","Stanley Park Court #1","2025-07-24","06:00","06:30","08:00","180.07596","https://clubspark.ca/TBCHubStanleyPark/Booking/bookbycourt#?startDate=2025-07-15&endDate=2025-07-22&resource=0&&role=guest","Vancouver DT"
"Tennis BC Hub @ Stanley Park","Stanley Park Court #1","2025-07-24","09:00","09:00","10:00","182.57596","https://clubspark.ca/TBCHubStanleyPark/Booking/bookbycourt#?startDate=2025-07-15&endDate=2025-07-22&resource=0&&role=guest","Vancouver DT"
"Tennis BC Hub @ Stanley Park","Stanley Park Court #1","2025-07-24","11:00","11:00","21:00","184.57596","https://clubspark.ca/TBCHubStanleyPark/Booking/bookbycourt#?startDate=2025-07-15&endDate=2025-07-22&resource=0&&role=guest","Vancouver DT"
"Tennis BC Hub @ Stanley Park","Stanley Park Court #1","2025-07-25","06:00","06:30","08:00","204.07596","https://clubspark.ca/TBCHubStanleyPark/Booking/bookbycourt#?startDate=2025-07-15&endDate=2025-07-22&resource=0&&role=guest","Vancouver DT"
"Tennis BC Hub @ Stanley Park","Stanley Park Court #1","2025-07-25","09:00","09:00","16:30","206.57596","https://clubspark.ca/TBCHubStanleyPark/Booking/bookbycourt#?startDate=2025-07-15&endDate=2025-07-22&resource=0&&role=guest","Vancouver DT"
"Tennis BC Hub @ Stanley Park","Stanley Park Court #1","2025-07-25","20:00","20:00","21:00","217.57596","https://clubspark.ca/TBCHubStanleyPark/Booking/bookbycourt#?startDate=2025-07-15&endDate=2025-07-22&resource=0&&role=guest","Vancouver DT"
"Tennis BC Hub @ Stanley Park","Stanley Park Court #1","2025-07-26","06:00","06:30","08:00","228.07596","https://clubspark.ca/TBCHubStanleyPark/Booking/bookbycourt#?startDate=2025-07-15&endDate=2025-07-22&resource=0&&role=guest","Vancouver DT"
"Tennis BC Hub @ Stanley Park","Stanley Park Court #1","2025-07-26","09:00","09:00","15:00","230.57596","https://clubspark.ca/TBCHubStanleyPark/Booking/bookbycourt#?startDate=2025-07-15&endDate=2025-07-22&resource=0&&role=guest","Vancouver DT"
"Tennis BC Hub @ Stanley Park","Stanley Park Court #1","2025-07-26","19:00","19:00","21:00","240.57596","https://clubspark.ca/TBCHubStanleyPark/Booking/bookbycourt#?startDate=2025-07-15&endDate=2025-07-22&resource=0&&role=guest","Vancouver DT"
"Tennis BC Hub @ Stanley Park","Stanley Park Court #1","2025-07-27","06:00","06:30","08:00","252.07596","https://clubspark.ca/TBCHubStanleyPark/Booking/bookbycourt#?startDate=2025-07-15&endDate=2025-07-22&resource=0&&role=guest","Vancouver DT"
"Tennis BC Hub @ Stanley Park","Stanley Park Court #1","2025-07-27","09:00","09:00","10:00","254.57596","https://clubspark.ca/TBCHubStanleyPark/Booking/bookbycourt#?startDate=2025-07-15&endDate=2025-07-22&resource=0&&role=guest","Vancouver DT"
"Tennis BC Hub @ Stanley Park","Stanley Park Court #1","2025-07-27","12:00","12:00","16:00","257.57596","https://clubspark.ca/TBCHubStanleyPark/Booking/bookbycourt#?startDate=2025-07-15&endDate=2025-07-22&resource=0&&role=guest","Vancouver DT"
"Tennis BC Hub @ Stanley Park","Stanley Park Court #1","2025-07-27","18:00","18:00","21:00","263.57596","https://clubspark.ca/TBCHubStanleyPark/Booking/bookbycourt#?startDate=2025-07-15&endDate=2025-07-22&resource=0&&role=guest","Vancouver DT"
"Tennis BC Hub @ Stanley Park","Stanley Park Court #2","2025-07-15","06:00","06:30","07:00","0","https://clubspark.ca/TBCHubStanleyPark/Booking/bookbycourt#?startDate=2025-07-15&endDate=2025-07-22&resource=1&&role=guest","Vancouver DT"
"Tennis BC Hub @ Stanley Park","Stanley Park Court #2","2025-07-16","06:00","06:30","07:00","0","https://clubspark.ca/TBCHubStanleyPark/Booking/bookbycourt#?startDate=2025-07-15&endDate=2025-07-22&resource=1&&role=guest","Vancouver DT"
"Tennis BC Hub @ Stanley Park","Stanley Park Court #2","2025-07-17","06:00","06:30","07:00","0","https://clubspark.ca/TBCHubStanleyPark/Booking/bookbycourt#?startDate=2025-07-15&endDate=2025-07-22&resource=1&&role=guest","Vancouver DT"
"Tennis BC Hub @ Stanley Park","Stanley Park Court #2","2025-07-18","06:00","06:30","07:00","0","https://clubspark.ca/TBCHubStanleyPark/Booking/bookbycourt#?startDate=2025-07-15&endDate=2025-07-22&resource=1&&role=guest","Vancouver DT"
"Tennis BC Hub @ Stanley Park","Stanley Park Court #2","2025-07-19","06:00","06:30","07:00","0","https://clubspark.ca/TBCHubStanleyPark/Booking/bookbycourt#?startDate=2025-07-15&endDate=2025-07-22&resource=1&&role=guest","Vancouver DT"
"Tennis BC Hub @ Stanley Park","Stanley Park Court #2","2025-07-20","06:00","06:30","07:00","0","https://clubspark.ca/TBCHubStanleyPark/Booking/bookbycourt#?startDate=2025-07-15&endDate=2025-07-22&resource=1&&role=guest","Vancouver DT"
"Tennis BC Hub @ Stanley Park","Stanley Park Court #2","2025-07-21","06:00","06:30","08:00","0","https://clubspark.ca/TBCHubStanleyPark/Booking/bookbycourt#?startDate=2025-07-15&endDate=2025-07-22&resource=1&&role=guest","Vancouver DT"
"Tennis BC Hub @ Stanley Park","Stanley Park Court #2","2025-07-21","12:00","12:00","16:30","0","https://clubspark.ca/TBCHubStanleyPark/Booking/bookbycourt#?startDate=2025-07-15&endDate=2025-07-22&resource=1&&role=guest","Vancouver DT"
"Tennis BC Hub @ Stanley Park","Stanley Park Court #2","2025-07-22","06:00","06:30","08:00","0","https://clubspark.ca/TBCHubStanleyPark/Booking/bookbycourt#?startDate=2025-07-15&endDate=2025-07-22&resource=1&&role=guest","Vancouver DT"
"Tennis BC Hub @ Stanley Park","Stanley Park Court #2","2025-07-22","09:00","09:00","16:30","0","https://clubspark.ca/TBCHubStanleyPark/Booking/bookbycourt#?startDate=2025-07-15&endDate=2025-07-22&resource=1&&role=guest","Vancouver DT"
"Tennis BC Hub @ Stanley Park","Stanley Park Court #2","2025-07-23","06:00","06:30","08:00","0","https://clubspark.ca/TBCHubStanleyPark/Booking/bookbycourt#?startDate=2025-07-15&endDate=2025-07-22&resource=1&&role=guest","Vancouver DT"
"Tennis BC Hub @ Stanley Park","Stanley Park Court #2","2025-07-23","12:00","12:00","16:30","0","https://clubspark.ca/TBCHubStanleyPark/Booking/bookbycourt#?startDate=2025-07-15&endDate=2025-07-22&resource=1&&role=guest","Vancouver DT"
"Tennis BC Hub @ Stanley Park","Stanley Park Court #2","2025-07-24","06:00","06:30","08:00","180.07596","https://clubspark.ca/TBCHubStanleyPark/Booking/bookbycourt#?startDate=2025-07-15&endDate=2025-07-22&resource=1&&role=guest","Vancouver DT"
"Tennis BC Hub @ Stanley Park","Stanley Park Court #2","2025-07-24","09:00","09:00","10:30","182.57596","https://clubspark.ca/TBCHubStanleyPark/Booking/bookbycourt#?startDate=2025-07-15&endDate=2025-07-22&resource=1&&role=guest","Vancouver DT"
"Tennis BC Hub @ Stanley Park","Stanley Park Court #2","2025-07-24","12:00","12:00","16:30","185.57596","https://clubspark.ca/TBCHubStanleyPark/Booking/bookbycourt#?startDate=2025-07-15&endDate=2025-07-22&resource=1&&role=guest","Vancouver DT"
"Tennis BC Hub @ Stanley Park","Stanley Park Court #2","2025-07-25","06:00","06:30","08:00","204.07596","https://clubspark.ca/TBCHubStanleyPark/Booking/bookbycourt#?startDate=2025-07-15&endDate=2025-07-22&resource=1&&role=guest","Vancouver DT"
"Tennis BC Hub @ Stanley Park","Stanley Park Court #2","2025-07-25","09:00","09:00","16:30","206.57596","https://clubspark.ca/TBCHubStanleyPark/Booking/bookbycourt#?startDate=2025-07-15&endDate=2025-07-22&resource=1&&role=guest","Vancouver DT"
"Tennis BC Hub @ Stanley Park","Stanley Park Court #2","2025-07-25","20:00","20:00","21:00","217.57596","https://clubspark.ca/TBCHubStanleyPark/Booking/bookbycourt#?startDate=2025-07-15&endDate=2025-07-22&resource=1&&role=guest","Vancouver DT"
"Tennis BC Hub @ Stanley Park","Stanley Park Court #2","2025-07-26","06:00","06:30","08:00","228.07596","https://clubspark.ca/TBCHubStanleyPark/Booking/bookbycourt#?startDate=2025-07-15&endDate=2025-07-22&resource=1&&role=guest","Vancouver DT"
"Tennis BC Hub @ Stanley Park","Stanley Park Court #2","2025-07-26","19:00","19:00","21:00","240.57596","https://clubspark.ca/TBCHubStanleyPark/Booking/bookbycourt#?startDate=2025-07-15&endDate=2025-07-22&resource=1&&role=guest","Vancouver DT"
"Tennis BC Hub @ Stanley Park","Stanley Park Court #2","2025-07-27","06:00","06:30","08:00","252.07596","https://clubspark.ca/TBCHubStanleyPark/Booking/bookbycourt#?startDate=2025-07-15&endDate=2025-07-22&resource=1&&role=guest","Vancouver DT"
"Tennis BC Hub @ Stanley Park","Stanley Park Court #2","2025-07-27","09:00","09:00","10:00","254.57596","https://clubspark.ca/TBCHubStanleyPark/Booking/bookbycourt#?startDate=2025-07-15&endDate=2025-07-22&resource=1&&role=guest","Vancouver DT"
"Tennis BC Hub @ Stanley Park","Stanley Park Court #2","2025-07-27","12:00","12:00","16:00","257.57596","https://clubspark.ca/TBCHubStanleyPark/Booking/bookbycourt#?startDate=2025-07-15&endDate=2025-07-22&resource=1&&role=guest","Vancouver DT"
"Tennis BC Hub @ Stanley Park","Stanley Park Court #2","2025-07-27","18:00","18:00","21:00","263.57596","https://clubspark.ca/TBCHubStanleyPark/Booking/bookbycourt#?startDate=2025-07-15&endDate=2025-07-22&resource=1&&role=guest","Vancouver DT"
"Tennis BC Hub @ Stanley Park","Stanley Park Court #3","2025-07-15","06:00","06:30","07:00","0","https://clubspark.ca/TBCHubStanleyPark/Booking/bookbycourt#?startDate=2025-07-15&endDate=2025-07-22&resource=2&&role=guest","Vancouver DT"
"Tennis BC Hub @ Stanley Park","Stanley Park Court #3","2025-07-16","06:00","06:30","07:00","0","https://clubspark.ca/TBCHubStanleyPark/Booking/bookbycourt#?startDate=2025-07-15&endDate=2025-07-22&resource=2&&role=guest","Vancouver DT"
"Tennis BC Hub @ Stanley Park","Stanley Park Court #3","2025-07-17","06:00","06:30","07:00","0","https://clubspark.ca/TBCHubStanleyPark/Booking/bookbycourt#?startDate=2025-07-15&endDate=2025-07-22&resource=2&&role=guest","Vancouver DT"
"Tennis BC Hub @ Stanley Park","Stanley Park Court #3","2025-07-18","06:00","06:30","07:00","0","https://clubspark.ca/TBCHubStanleyPark/Booking/bookbycourt#?startDate=2025-07-15&endDate=2025-07-22&resource=2&&role=guest","Vancouver DT"
"Tennis BC Hub @ Stanley Park","Stanley Park Court #3","2025-07-19","06:00","06:30","07:00","0","https://clubspark.ca/TBCHubStanleyPark/Booking/bookbycourt#?startDate=2025-07-15&endDate=2025-07-22&resource=2&&role=guest","Vancouver DT"
"Tennis BC Hub @ Stanley Park","Stanley Park Court #3","2025-07-20","06:00","06:30","07:00","0","https://clubspark.ca/TBCHubStanleyPark/Booking/bookbycourt#?startDate=2025-07-15&endDate=2025-07-22&resource=2&&role=guest","Vancouver DT"
"Tennis BC Hub @ Stanley Park","Stanley Park Court #3","2025-07-21","06:00","06:30","08:00","0","https://clubspark.ca/TBCHubStanleyPark/Booking/bookbycourt#?startDate=2025-07-15&endDate=2025-07-22&resource=2&&role=guest","Vancouver DT"
"Tennis BC Hub @ Stanley Park","Stanley Park Court #3","2025-07-21","12:00","12:00","16:30","0","https://clubspark.ca/TBCHubStanleyPark/Booking/bookbycourt#?startDate=2025-07-15&endDate=2025-07-22&resource=2&&role=guest","Vancouver DT"
"Tennis BC Hub @ Stanley Park","Stanley Park Court #3","2025-07-22","06:00","06:30","08:00","0","https://clubspark.ca/TBCHubStanleyPark/Booking/bookbycourt#?startDate=2025-07-15&endDate=2025-07-22&resource=2&&role=guest","Vancouver DT"
"Tennis BC Hub @ Stanley Park","Stanley Park Court #3","2025-07-22","12:00","12:00","15:00","0","https://clubspark.ca/TBCHubStanleyPark/Booking/bookbycourt#?startDate=2025-07-15&endDate=2025-07-22&resource=2&&role=guest","Vancouver DT"
"Tennis BC Hub @ Stanley Park","Stanley Park Court #3","2025-07-23","06:00","06:30","08:00","0","https://clubspark.ca/TBCHubStanleyPark/Booking/bookbycourt#?startDate=2025-07-15&endDate=2025-07-22&resource=2&&role=guest","Vancouver DT"
"Tennis BC Hub @ Stanley Park","Stanley Park Court #3","2025-07-23","12:00","12:00","16:30","0","https://clubspark.ca/TBCHubStanleyPark/Booking/bookbycourt#?startDate=2025-07-15&endDate=2025-07-22&resource=2&&role=guest","Vancouver DT"
"Tennis BC Hub @ Stanley Park","Stanley Park Court #3","2025-07-24","06:00","06:30","08:00","180.07596","https://clubspark.ca/TBCHubStanleyPark/Booking/bookbycourt#?startDate=2025-07-15&endDate=2025-07-22&resource=2&&role=guest","Vancouver DT"
"Tennis BC Hub @ Stanley Park","Stanley Park Court #3","2025-07-24","12:00","12:00","16:30","185.57596","https://clubspark.ca/TBCHubStanleyPark/Booking/bookbycourt#?startDate=2025-07-15&endDate=2025-07-22&resource=2&&role=guest","Vancouver DT"
"Tennis BC Hub @ Stanley Park","Stanley Park Court #3","2025-07-25","06:00","06:30","08:00","204.07596","https://clubspark.ca/TBCHubStanleyPark/Booking/bookbycourt#?startDate=2025-07-15&endDate=2025-07-22&resource=2&&role=guest","Vancouver DT"
"Tennis BC Hub @ Stanley Park","Stanley Park Court #3","2025-07-25","12:00","12:00","16:30","209.57596","https://clubspark.ca/TBCHubStanleyPark/Booking/bookbycourt#?startDate=2025-07-15&endDate=2025-07-22&resource=2&&role=guest","Vancouver DT"
"Tennis BC Hub @ Stanley Park","Stanley Park Court #3","2025-07-25","20:00","20:00","21:00","217.57596","https://clubspark.ca/TBCHubStanleyPark/Booking/bookbycourt#?startDate=2025-07-15&endDate=2025-07-22&resource=2&&role=guest","Vancouver DT"
"Tennis BC Hub @ Stanley Park","Stanley Park Court #3","2025-07-26","06:00","06:30","08:00","228.07596","https://clubspark.ca/TBCHubStanleyPark/Booking/bookbycourt#?startDate=2025-07-15&endDate=2025-07-22&resource=2&&role=guest","Vancouver DT"
"Tennis BC Hub @ Stanley Park","Stanley Park Court #3","2025-07-26","19:00","19:00","21:00","240.57596","https://clubspark.ca/TBCHubStanleyPark/Booking/bookbycourt#?startDate=2025-07-15&endDate=2025-07-22&resource=2&&role=guest","Vancouver DT"
"Tennis BC Hub @ Stanley Park","Stanley Park Court #3","2025-07-27","06:00","06:30","08:00","252.07596","https://clubspark.ca/TBCHubStanleyPark/Booking/bookbycourt#?startDate=2025-07-15&endDate=2025-07-22&resource=2&&role=guest","Vancouver DT"
"Tennis BC Hub @ Stanley Park","Stanley Park Court #3","2025-07-27","09:00","09:00","10:00","254.57596","https://clubspark.ca/TBCHubStanleyPark/Booking/bookbycourt#?startDate=2025-07-15&endDate=2025-07-22&resource=2&&role=guest","Vancouver DT"
"Tennis BC Hub @ Stanley Park","Stanley Park Court #3","2025-07-27","12:00","12:00","16:00","257.57596","https://clubspark.ca/TBCHubStanleyPark/Booking/bookbycourt#?startDate=2025-07-15&endDate=2025-07-22&resource=2&&role=guest","Vancouver DT"
"Tennis BC Hub @ Stanley Park","Stanley Park Court #3","2025-07-27","18:00","18:00","21:00","263.57596","https://clubspark.ca/TBCHubStanleyPark/Booking/bookbycourt#?startDate=2025-07-15&endDate=2025-07-22&resource=2&&role=guest","Vancouver DT"
"Tennis BC Hub @ Stanley Park","Stanley Park Court #4","2025-07-15","06:00","06:30","07:00","0","https://clubspark.ca/TBCHubStanleyPark/Booking/bookbycourt#?startDate=2025-07-15&endDate=2025-07-22&resource=3&&role=guest","Vancouver DT"
"Tennis BC Hub @ Stanley Park","Stanley Park Court #4","2025-07-16","06:00","06:30","07:00","0","https://clubspark.ca/TBCHubStanleyPark/Booking/bookbycourt#?startDate=2025-07-15&endDate=2025-07-22&resource=3&&role=guest","Vancouver DT"
"Tennis BC Hub @ Stanley Park","Stanley Park Court #4","2025-07-17","06:00","06:30","07:00","0","https://clubspark.ca/TBCHubStanleyPark/Booking/bookbycourt#?startDate=2025-07-15&endDate=2025-07-22&resource=3&&role=guest","Vancouver DT"
"Tennis BC Hub @ Stanley Park","Stanley Park Court #4","2025-07-18","06:00","06:30","07:00","0","https://clubspark.ca/TBCHubStanleyPark/Booking/bookbycourt#?startDate=2025-07-15&endDate=2025-07-22&resource=3&&role=guest","Vancouver DT"
"Tennis BC Hub @ Stanley Park","Stanley Park Court #4","2025-07-19","06:00","06:30","07:00","0","https://clubspark.ca/TBCHubStanleyPark/Booking/bookbycourt#?startDate=2025-07-15&endDate=2025-07-22&resource=3&&role=guest","Vancouver DT"
"Tennis BC Hub @ Stanley Park","Stanley Park Court #4","2025-07-20","06:00","06:30","07:00","0","https://clubspark.ca/TBCHubStanleyPark/Booking/bookbycourt#?startDate=2025-07-15&endDate=2025-07-22&resource=3&&role=guest","Vancouver DT"
"Tennis BC Hub @ Stanley Park","Stanley Park Court #4","2025-07-21","06:00","06:30","08:00","0","https://clubspark.ca/TBCHubStanleyPark/Booking/bookbycourt#?startDate=2025-07-15&endDate=2025-07-22&resource=3&&role=guest","Vancouver DT"
"Tennis BC Hub @ Stanley Park","Stanley Park Court #4","2025-07-21","10:00","10:30","13:30","0","https://clubspark.ca/TBCHubStanleyPark/Booking/bookbycourt#?startDate=2025-07-15&endDate=2025-07-22&resource=3&&role=guest","Vancouver DT"
"Tennis BC Hub @ Stanley Park","Stanley Park Court #4","2025-07-21","14:00","14:30","16:00","0","https://clubspark.ca/TBCHubStanleyPark/Booking/bookbycourt#?startDate=2025-07-15&endDate=2025-07-22&resource=3&&role=guest","Vancouver DT"
"Tennis BC Hub @ Stanley Park","Stanley Park Court #4","2025-07-21","17:00","17:30","18:00","0","https://clubspark.ca/TBCHubStanleyPark/Booking/bookbycourt#?startDate=2025-07-15&endDate=2025-07-22&resource=3&&role=guest","Vancouver DT"
"Tennis BC Hub @ Stanley Park","Stanley Park Court #4","2025-07-22","06:00","06:30","08:00","0","https://clubspark.ca/TBCHubStanleyPark/Booking/bookbycourt#?startDate=2025-07-15&endDate=2025-07-22&resource=3&&role=guest","Vancouver DT"
"Tennis BC Hub @ Stanley Park","Stanley Park Court #4","2025-07-22","09:00","09:00","10:00","0","https://clubspark.ca/TBCHubStanleyPark/Booking/bookbycourt#?startDate=2025-07-15&endDate=2025-07-22&resource=3&&role=guest","Vancouver DT"
"Tennis BC Hub @ Stanley Park","Stanley Park Court #4","2025-07-22","12:00","12:00","17:00","0","https://clubspark.ca/TBCHubStanleyPark/Booking/bookbycourt#?startDate=2025-07-15&endDate=2025-07-22&resource=3&&role=guest","Vancouver DT"
"Tennis BC Hub @ Stanley Park","Stanley Park Court #4","2025-07-22","18:00","18:30","19:00","0","https://clubspark.ca/TBCHubStanleyPark/Booking/bookbycourt#?startDate=2025-07-15&endDate=2025-07-22&resource=3&&role=guest","Vancouver DT"
"Tennis BC Hub @ Stanley Park","Stanley Park Court #4","2025-07-23","06:00","06:30","08:00","0","https://clubspark.ca/TBCHubStanleyPark/Booking/bookbycourt#?startDate=2025-07-15&endDate=2025-07-22&resource=3&&role=guest","Vancouver DT"
"Tennis BC Hub @ Stanley Park","Stanley Park Court #4","2025-07-23","09:00","09:00","21:00","0","https://clubspark.ca/TBCHubStanleyPark/Booking/bookbycourt#?startDate=2025-07-15&endDate=2025-07-22&resource=3&&role=guest","Vancouver DT"
"Tennis BC Hub @ Stanley Park","Stanley Park Court #4","2025-07-24","06:00","06:30","08:00","180.07596","https://clubspark.ca/TBCHubStanleyPark/Booking/bookbycourt#?startDate=2025-07-15&endDate=2025-07-22&resource=3&&role=guest","Vancouver DT"
"Tennis BC Hub @ Stanley Park","Stanley Park Court #4","2025-07-24","09:00","09:00","10:00","182.57596","https://clubspark.ca/TBCHubStanleyPark/Booking/bookbycourt#?startDate=2025-07-15&endDate=2025-07-22&resource=3&&role=guest","Vancouver DT"
"Tennis BC Hub @ Stanley Park","Stanley Park Court #4","2025-07-24","12:00","12:00","21:00","185.57596","https://clubspark.ca/TBCHubStanleyPark/Booking/bookbycourt#?startDate=2025-07-15&endDate=2025-07-22&resource=3&&role=guest","Vancouver DT"
"Tennis BC Hub @ Stanley Park","Stanley Park Court #4","2025-07-25","06:00","06:30","08:00","204.07595972222222","https://clubspark.ca/TBCHubStanleyPark/Booking/bookbycourt#?startDate=2025-07-15&endDate=2025-07-22&resource=3&&role=guest","Vancouver DT"
"Tennis BC Hub @ Stanley Park","Stanley Park Court #4","2025-07-25","09:00","09:00","18:00","206.57595972222222","https://clubspark.ca/TBCHubStanleyPark/Booking/bookbycourt#?startDate=2025-07-15&endDate=2025-07-22&resource=3&&role=guest","Vancouver DT"
"Tennis BC Hub @ Stanley Park","Stanley Park Court #4","2025-07-25","20:00","20:00","21:00","217.57595972222222","https://clubspark.ca/TBCHubStanleyPark/Booking/bookbycourt#?startDate=2025-07-15&endDate=2025-07-22&resource=3&&role=guest","Vancouver DT"
"Tennis BC Hub @ Stanley Park","Stanley Park Court #4","2025-07-26","06:00","06:30","08:00","228.07595972222222","https://clubspark.ca/TBCHubStanleyPark/Booking/bookbycourt#?startDate=2025-07-15&endDate=2025-07-22&resource=3&&role=guest","Vancouver DT"
"Tennis BC Hub @ Stanley Park","Stanley Park Court #4","2025-07-26","14:00","14:30","15:00","236.07595972222222","https://clubspark.ca/TBCHubStanleyPark/Booking/bookbycourt#?startDate=2025-07-15&endDate=2025-07-22&resource=3&&role=guest","Vancouver DT"
"Tennis BC Hub @ Stanley Park","Stanley Park Court #4","2025-07-26","17:00","17:00","21:00","238.57595972222222","https://clubspark.ca/TBCHubStanleyPark/Booking/bookbycourt#?startDate=2025-07-15&endDate=2025-07-22&resource=3&&role=guest","Vancouver DT"
"Tennis BC Hub @ Stanley Park","Stanley Park Court #4","2025-07-27","06:00","06:30","08:00","252.07595972222222","https://clubspark.ca/TBCHubStanleyPark/Booking/bookbycourt#?startDate=2025-07-15&endDate=2025-07-22&resource=3&&role=guest","Vancouver DT"
"Tennis BC Hub @ Stanley Park","Stanley Park Court #4","2025-07-27","09:00","09:00","21:00","254.57595972222222","https://clubspark.ca/TBCHubStanleyPark/Booking/bookbycourt#?startDate=2025-07-15&endDate=2025-07-22&resource=3&&role=guest","Vancouver DT"
"Tennis BC Hub @ Stanley Park","Stanley Park Court #5","2025-07-15","06:00","06:30","07:00","0","https://clubspark.ca/TBCHubStanleyPark/Booking/bookbycourt#?startDate=2025-07-15&endDate=2025-07-22&resource=4&&role=guest","Vancouver DT"
"Tennis BC Hub @ Stanley Park","Stanley Park Court #5","2025-07-16","06:00","06:30","07:00","0","https://clubspark.ca/TBCHubStanleyPark/Booking/bookbycourt#?startDate=2025-07-15&endDate=2025-07-22&resource=4&&role=guest","Vancouver DT"
"Tennis BC Hub @ Stanley Park","Stanley Park Court #5","2025-07-17","06:00","06:30","07:00","0","https://clubspark.ca/TBCHubStanleyPark/Booking/bookbycourt#?startDate=2025-07-15&endDate=2025-07-22&resource=4&&role=guest","Vancouver DT"
"Tennis BC Hub @ Stanley Park","Stanley Park Court #5","2025-07-18","06:00","06:30","07:00","0","https://clubspark.ca/TBCHubStanleyPark/Booking/bookbycourt#?startDate=2025-07-15&endDate=2025-07-22&resource=4&&role=guest","Vancouver DT"
"Tennis BC Hub @ Stanley Park","Stanley Park Court #5","2025-07-19","06:00","06:30","07:00","0","https://clubspark.ca/TBCHubStanleyPark/Booking/bookbycourt#?startDate=2025-07-15&endDate=2025-07-22&resource=4&&role=guest","Vancouver DT"
"Tennis BC Hub @ Stanley Park","Stanley Park Court #5","2025-07-20","06:00","06:30","07:00","0","https://clubspark.ca/TBCHubStanleyPark/Booking/bookbycourt#?startDate=2025-07-15&endDate=2025-07-22&resource=4&&role=guest","Vancouver DT"
"Tennis BC Hub @ Stanley Park","Stanley Park Court #5","2025-07-21","06:00","06:30","08:00","0","https://clubspark.ca/TBCHubStanleyPark/Booking/bookbycourt#?startDate=2025-07-15&endDate=2025-07-22&resource=4&&role=guest","Vancouver DT"
"Tennis BC Hub @ Stanley Park","Stanley Park Court #5","2025-07-21","09:00","09:00","16:00","0","https://clubspark.ca/TBCHubStanleyPark/Booking/bookbycourt#?startDate=2025-07-15&endDate=2025-07-22&resource=4&&role=guest","Vancouver DT"
"Tennis BC Hub @ Stanley Park","Stanley Park Court #5","2025-07-21","17:00","17:30","18:00","0","https://clubspark.ca/TBCHubStanleyPark/Booking/bookbycourt#?startDate=2025-07-15&endDate=2025-07-22&resource=4&&role=guest","Vancouver DT"
"Tennis BC Hub @ Stanley Park","Stanley Park Court #5","2025-07-21","20:00","20:00","21:00","0","https://clubspark.ca/TBCHubStanleyPark/Booking/bookbycourt#?startDate=2025-07-15&endDate=2025-07-22&resource=4&&role=guest","Vancouver DT"
"Tennis BC Hub @ Stanley Park","Stanley Park Court #5","2025-07-22","06:00","06:30","08:00","0","https://clubspark.ca/TBCHubStanleyPark/Booking/bookbycourt#?startDate=2025-07-15&endDate=2025-07-22&resource=4&&role=guest","Vancouver DT"
"Tennis BC Hub @ Stanley Park","Stanley Park Court #5","2025-07-22","09:00","09:00","10:00","0","https://clubspark.ca/TBCHubStanleyPark/Booking/bookbycourt#?startDate=2025-07-15&endDate=2025-07-22&resource=4&&role=guest","Vancouver DT"
"Tennis BC Hub @ Stanley Park","Stanley Park Court #5","2025-07-22","12:00","12:00","16:30","0","https://clubspark.ca/TBCHubStanleyPark/Booking/bookbycourt#?startDate=2025-07-15&endDate=2025-07-22&resource=4&&role=guest","Vancouver DT"
"Tennis BC Hub @ Stanley Park","Stanley Park Court #5","2025-07-23","06:00","06:30","08:00","0","https://clubspark.ca/TBCHubStanleyPark/Booking/bookbycourt#?startDate=2025-07-15&endDate=2025-07-22&resource=4&&role=guest","Vancouver DT"
"Tennis BC Hub @ Stanley Park","Stanley Park Court #5","2025-07-23","09:00","09:00","21:00","0","https://clubspark.ca/TBCHubStanleyPark/Booking/bookbycourt#?startDate=2025-07-15&endDate=2025-07-22&resource=4&&role=guest","Vancouver DT"
"Tennis BC Hub @ Stanley Park","Stanley Park Court #5","2025-07-24","06:00","06:30","08:00","180.07595972222222","https://clubspark.ca/TBCHubStanleyPark/Booking/bookbycourt#?startDate=2025-07-15&endDate=2025-07-22&resource=4&&role=guest","Vancouver DT"
"Tennis BC Hub @ Stanley Park","Stanley Park Court #5","2025-07-24","09:00","09:00","10:00","182.57595972222222","https://clubspark.ca/TBCHubStanleyPark/Booking/bookbycourt#?startDate=2025-07-15&endDate=2025-07-22&resource=4&&role=guest","Vancouver DT"
"Tennis BC Hub @ Stanley Park","Stanley Park Court #5","2025-07-24","12:00","12:00","16:30","185.57595972222222","https://clubspark.ca/TBCHubStanleyPark/Booking/bookbycourt#?startDate=2025-07-15&endDate=2025-07-22&resource=4&&role=guest","Vancouver DT"
"Tennis BC Hub @ Stanley Park","Stanley Park Court #5","2025-07-25","06:00","06:30","08:00","204.07595972222222","https://clubspark.ca/TBCHubStanleyPark/Booking/bookbycourt#?startDate=2025-07-15&endDate=2025-07-22&resource=4&&role=guest","Vancouver DT"
"Tennis BC Hub @ Stanley Park","Stanley Park Court #5","2025-07-25","09:00","09:00","18:00","206.57595972222222","https://clubspark.ca/TBCHubStanleyPark/Booking/bookbycourt#?startDate=2025-07-15&endDate=2025-07-22&resource=4&&role=guest","Vancouver DT"
"Tennis BC Hub @ Stanley Park","Stanley Park Court #5","2025-07-25","20:00","20:00","21:00","217.57595972222222","https://clubspark.ca/TBCHubStanleyPark/Booking/bookbycourt#?startDate=2025-07-15&endDate=2025-07-22&resource=4&&role=guest","Vancouver DT"
"Tennis BC Hub @ Stanley Park","Stanley Park Court #5","2025-07-26","06:00","06:30","08:00","228.07595972222222","https://clubspark.ca/TBCHubStanleyPark/Booking/bookbycourt#?startDate=2025-07-15&endDate=2025-07-22&resource=4&&role=guest","Vancouver DT"
"Tennis BC Hub @ Stanley Park","Stanley Park Court #5","2025-07-26","14:00","14:30","15:00","236.07595972222222","https://clubspark.ca/TBCHubStanleyPark/Booking/bookbycourt#?startDate=2025-07-15&endDate=2025-07-22&resource=4&&role=guest","Vancouver DT"
"Tennis BC Hub @ Stanley Park","Stanley Park Court #5","2025-07-26","17:00","17:00","21:00","238.57595972222222","https://clubspark.ca/TBCHubStanleyPark/Booking/bookbycourt#?startDate=2025-07-15&endDate=2025-07-22&resource=4&&role=guest","Vancouver DT"
"Tennis BC Hub @ Stanley Park","Stanley Park Court #5","2025-07-27","06:00","06:30","08:00","252.07595972222222","https://clubspark.ca/TBCHubStanleyPark/Booking/bookbycourt#?startDate=2025-07-15&endDate=2025-07-22&resource=4&&role=guest","Vancouver DT"
"Tennis BC Hub @ Stanley Park","Stanley Park Court #5","2025-07-27","09:00","09:00","21:00","254.57595972222222","https://clubspark.ca/TBCHubStanleyPark/Booking/bookbycourt#?startDate=2025-07-15&endDate=2025-07-22&resource=4&&role=guest","Vancouver DT"
"Tennis BC Hub @ Stanley Park","Stanley Park Court #6","2025-07-15","06:00","06:30","07:00","0","https://clubspark.ca/TBCHubStanleyPark/Booking/bookbycourt#?startDate=2025-07-15&endDate=2025-07-22&resource=5&&role=guest","Vancouver DT"
"Tennis BC Hub @ Stanley Park","Stanley Park Court #6","2025-07-16","06:00","06:30","07:00","0","https://clubspark.ca/TBCHubStanleyPark/Booking/bookbycourt#?startDate=2025-07-15&endDate=2025-07-22&resource=5&&role=guest","Vancouver DT"
"Tennis BC Hub @ Stanley Park","Stanley Park Court #6","2025-07-17","06:00","06:30","07:00","0","https://clubspark.ca/TBCHubStanleyPark/Booking/bookbycourt#?startDate=2025-07-15&endDate=2025-07-22&resource=5&&role=guest","Vancouver DT"
"Tennis BC Hub @ Stanley Park","Stanley Park Court #6","2025-07-18","06:00","06:30","07:00","0","https://clubspark.ca/TBCHubStanleyPark/Booking/bookbycourt#?startDate=2025-07-15&endDate=2025-07-22&resource=5&&role=guest","Vancouver DT"
"Tennis BC Hub @ Stanley Park","Stanley Park Court #6","2025-07-19","06:00","06:30","07:00","0","https://clubspark.ca/TBCHubStanleyPark/Booking/bookbycourt#?startDate=2025-07-15&endDate=2025-07-22&resource=5&&role=guest","Vancouver DT"
"Tennis BC Hub @ Stanley Park","Stanley Park Court #6","2025-07-20","06:00","06:30","07:00","0","https://clubspark.ca/TBCHubStanleyPark/Booking/bookbycourt#?startDate=2025-07-15&endDate=2025-07-22&resource=5&&role=guest","Vancouver DT"
"Tennis BC Hub @ Stanley Park","Stanley Park Court #6","2025-07-21","06:00","06:30","08:00","0","https://clubspark.ca/TBCHubStanleyPark/Booking/bookbycourt#?startDate=2025-07-15&endDate=2025-07-22&resource=5&&role=guest","Vancouver DT"
"Tennis BC Hub @ Stanley Park","Stanley Park Court #6","2025-07-21","09:00","09:00","10:00","0","https://clubspark.ca/TBCHubStanleyPark/Booking/bookbycourt#?startDate=2025-07-15&endDate=2025-07-22&resource=5&&role=guest","Vancouver DT"
"Tennis BC Hub @ Stanley Park","Stanley Park Court #6","2025-07-21","12:00","12:00","14:00","0","https://clubspark.ca/TBCHubStanleyPark/Booking/bookbycourt#?startDate=2025-07-15&endDate=2025-07-22&resource=5&&role=guest","Vancouver DT"
"Tennis BC Hub @ Stanley Park","Stanley Park Court #6","2025-07-21","16:00","16:00","17:00","0","https://clubspark.ca/TBCHubStanleyPark/Booking/bookbycourt#?startDate=2025-07-15&endDate=2025-07-22&resource=5&&role=guest","Vancouver DT"
"Tennis BC Hub @ Stanley Park","Stanley Park Court #6","2025-07-22","06:00","06:30","08:00","0","https://clubspark.ca/TBCHubStanleyPark/Booking/bookbycourt#?startDate=2025-07-15&endDate=2025-07-22&resource=5&&role=guest","Vancouver DT"
"Tennis BC Hub @ Stanley Park","Stanley Park Court #6","2025-07-22","09:00","09:00","10:00","0","https://clubspark.ca/TBCHubStanleyPark/Booking/bookbycourt#?startDate=2025-07-15&endDate=2025-07-22&resource=5&&role=guest","Vancouver DT"
"Tennis BC Hub @ Stanley Park","Stanley Park Court #6","2025-07-22","12:00","12:00","16:30","0","https://clubspark.ca/TBCHubStanleyPark/Booking/bookbycourt#?startDate=2025-07-15&endDate=2025-07-22&resource=5&&role=guest","Vancouver DT"
"Tennis BC Hub @ Stanley Park","Stanley Park Court #6","2025-07-23","06:00","06:30","08:00","0","https://clubspark.ca/TBCHubStanleyPark/Booking/bookbycourt#?startDate=2025-07-15&endDate=2025-07-22&resource=5&&role=guest","Vancouver DT"
"Tennis BC Hub @ Stanley Park","Stanley Park Court #6","2025-07-23","09:00","09:00","21:00","0","https://clubspark.ca/TBCHubStanleyPark/Booking/bookbycourt#?startDate=2025-07-15&endDate=2025-07-22&resource=5&&role=guest","Vancouver DT"
"Tennis BC Hub @ Stanley Park","Stanley Park Court #6","2025-07-24","06:00","06:30","08:00","180.07595972222222","https://clubspark.ca/TBCHubStanleyPark/Booking/bookbycourt#?startDate=2025-07-15&endDate=2025-07-22&resource=5&&role=guest","Vancouver DT"
"Tennis BC Hub @ Stanley Park","Stanley Park Court #6","2025-07-24","09:00","09:00","10:00","182.57595972222222","https://clubspark.ca/TBCHubStanleyPark/Booking/bookbycourt#?startDate=2025-07-15&endDate=2025-07-22&resource=5&&role=guest","Vancouver DT"
"Tennis BC Hub @ Stanley Park","Stanley Park Court #6","2025-07-24","12:00","12:00","16:30","185.57595972222222","https://clubspark.ca/TBCHubStanleyPark/Booking/bookbycourt#?startDate=2025-07-15&endDate=2025-07-22&resource=5&&role=guest","Vancouver DT"
"Tennis BC Hub @ Stanley Park","Stanley Park Court #6","2025-07-25","06:00","06:30","08:00","204.07595972222222","https://clubspark.ca/TBCHubStanleyPark/Booking/bookbycourt#?startDate=2025-07-15&endDate=2025-07-22&resource=5&&role=guest","Vancouver DT"
"Tennis BC Hub @ Stanley Park","Stanley Park Court #6","2025-07-25","09:00","09:00","18:00","206.57595972222222","https://clubspark.ca/TBCHubStanleyPark/Booking/bookbycourt#?startDate=2025-07-15&endDate=2025-07-22&resource=5&&role=guest","Vancouver DT"
"Tennis BC Hub @ Stanley Park","Stanley Park Court #6","2025-07-25","20:00","20:00","21:00","217.57595972222222","https://clubspark.ca/TBCHubStanleyPark/Booking/bookbycourt#?startDate=2025-07-15&endDate=2025-07-22&resource=5&&role=guest","Vancouver DT"
"Tennis BC Hub @ Stanley Park","Stanley Park Court #6","2025-07-26","06:00","06:30","08:00","228.07595972222222","https://clubspark.ca/TBCHubStanleyPark/Booking/bookbycourt#?startDate=2025-07-15&endDate=2025-07-22&resource=5&&role=guest","Vancouver DT"
"Tennis BC Hub @ Stanley Park","Stanley Park Court #6","2025-07-26","14:00","14:30","15:00","236.07595972222222","https://clubspark.ca/TBCHubStanleyPark/Booking/bookbycourt#?startDate=2025-07-15&endDate=2025-07-22&resource=5&&role=guest","Vancouver DT"
"Tennis BC Hub @ Stanley Park","Stanley Park Court #6","2025-07-26","17:00","17:00","21:00","238.57595972222222","https://clubspark.ca/TBCHubStanleyPark/Booking/bookbycourt#?startDate=2025-07-15&endDate=2025-07-22&resource=5&&role=guest","Vancouver DT"
"Tennis BC Hub @ Stanley Park","Stanley Park Court #6","2025-07-27","06:00","06:30","08:00","252.07595972222222","https://clubspark.ca/TBCHubStanleyPark/Booking/bookbycourt#?startDate=2025-07-15&endDate=2025-07-22&resource=5&&role=guest","Vancouver DT"
"Tennis BC Hub @ Stanley Park","Stanley Park Court #6","2025-07-27","12:00","12:00","21:00","257.5759597222222","https://clubspark.ca/TBCHubStanleyPark/Booking/bookbycourt#?startDate=2025-07-15&endDate=2025-07-22&resource=5&&role=guest","Vancouver DT"
"UBC Tennis Center","court01","2025-07-16","19:00","19:00","20:00","24","https://ubc.perfectmind.com/24063/Clients/BookMe4LandingPages/Facility?facilityId=c0668c1c-1fd6-4432-a20e-4c50aaad5baa&widgetId=c7c36ee3-2494-4de2-b2cb-d50a86487656&calendarId=e65c1527-c4f8-4316-b6d6-3b174041f00e","UBC"
"UBC Tennis Center","court01","2025-07-17","16:00","16:00","17:00","24","https://ubc.perfectmind.com/24063/Clients/BookMe4LandingPages/Facility?facilityId=c0668c1c-1fd6-4432-a20e-4c50aaad5baa&widgetId=c7c36ee3-2494-4de2-b2cb-d50a86487656&calendarId=e65c1527-c4f8-4316-b6d6-3b174041f00e","UBC"
"UBC Tennis Center","court01","2025-07-17","18:00","18:00","19:00","24","https://ubc.perfectmind.com/24063/Clients/BookMe4LandingPages/Facility?facilityId=c0668c1c-1fd6-4432-a20e-4c50aaad5baa&widgetId=c7c36ee3-2494-4de2-b2cb-d50a86487656&calendarId=e65c1527-c4f8-4316-b6d6-3b174041f00e","UBC"
"UBC Tennis Center","court01","2025-07-17","19:00","19:00","20:00","24","https://ubc.perfectmind.com/24063/Clients/BookMe4LandingPages/Facility?facilityId=c0668c1c-1fd6-4432-a20e-4c50aaad5baa&widgetId=c7c36ee3-2494-4de2-b2cb-d50a86487656&calendarId=e65c1527-c4f8-4316-b6d6-3b174041f00e","UBC"
"UBC Tennis Center","court01","2025-07-18","16:00","16:00","17:00","24","https://ubc.perfectmind.com/24063/Clients/BookMe4LandingPages/Facility?facilityId=c0668c1c-1fd6-4432-a20e-4c50aaad5baa&widgetId=c7c36ee3-2494-4de2-b2cb-d50a86487656&calendarId=e65c1527-c4f8-4316-b6d6-3b174041f00e","UBC"
"UBC Tennis Center","court01","2025-07-18","18:00","18:00","19:00","24","https://ubc.perfectmind.com/24063/Clients/BookMe4LandingPages/Facility?facilityId=c0668c1c-1fd6-4432-a20e-4c50aaad5baa&widgetId=c7c36ee3-2494-4de2-b2cb-d50a86487656&calendarId=e65c1527-c4f8-4316-b6d6-3b174041f00e","UBC"
"UBC Tennis Center","court01","2025-07-18","19:00","19:00","20:00","24","https://ubc.perfectmind.com/24063/Clients/BookMe4LandingPages/Facility?facilityId=c0668c1c-1fd6-4432-a20e-4c50aaad5baa&widgetId=c7c36ee3-2494-4de2-b2cb-d50a86487656&calendarId=e65c1527-c4f8-4316-b6d6-3b174041f00e","UBC"
"UBC Tennis Center","court01","2025-07-19","09:00","09:00","10:00","24","https://ubc.perfectmind.com/24063/Clients/BookMe4LandingPages/Facility?facilityId=c0668c1c-1fd6-4432-a20e-4c50aaad5baa&widgetId=c7c36ee3-2494-4de2-b2cb-d50a86487656&calendarId=e65c1527-c4f8-4316-b6d6-3b174041f00e","UBC"
"UBC Tennis Center","court01","2025-07-19","10:00","10:00","11:00","24","https://ubc.perfectmind.com/24063/Clients/BookMe4LandingPages/Facility?facilityId=c0668c1c-1fd6-4432-a20e-4c50aaad5baa&widgetId=c7c36ee3-2494-4de2-b2cb-d50a86487656&calendarId=e65c1527-c4f8-4316-b6d6-3b174041f00e","UBC"
"UBC Tennis Center","court01","2025-07-19","11:00","11:00","12:00","24","https://ubc.perfectmind.com/24063/Clients/BookMe4LandingPages/Facility?facilityId=c0668c1c-1fd6-4432-a20e-4c50aaad5baa&widgetId=c7c36ee3-2494-4de2-b2cb-d50a86487656&calendarId=e65c1527-c4f8-4316-b6d6-3b174041f00e","UBC"
"UBC Tennis Center","court01","2025-07-19","12:00","12:00","13:00","24","https://ubc.perfectmind.com/24063/Clients/BookMe4LandingPages/Facility?facilityId=c0668c1c-1fd6-4432-a20e-4c50aaad5baa&widgetId=c7c36ee3-2494-4de2-b2cb-d50a86487656&calendarId=e65c1527-c4f8-4316-b6d6-3b174041f00e","UBC"
"UBC Tennis Center","court01","2025-07-19","13:00","13:00","14:00","24","https://ubc.perfectmind.com/24063/Clients/BookMe4LandingPages/Facility?facilityId=c0668c1c-1fd6-4432-a20e-4c50aaad5baa&widgetId=c7c36ee3-2494-4de2-b2cb-d50a86487656&calendarId=e65c1527-c4f8-4316-b6d6-3b174041f00e","UBC"
"UBC Tennis Center","court01","2025-07-19","14:00","14:00","15:00","24","https://ubc.perfectmind.com/24063/Clients/BookMe4LandingPages/Facility?facilityId=c0668c1c-1fd6-4432-a20e-4c50aaad5baa&widgetId=c7c36ee3-2494-4de2-b2cb-d50a86487656&calendarId=e65c1527-c4f8-4316-b6d6-3b174041f00e","UBC"
"UBC Tennis Center","court01","2025-07-19","15:00","15:00","16:00","24","https://ubc.perfectmind.com/24063/Clients/BookMe4LandingPages/Facility?facilityId=c0668c1c-1fd6-4432-a20e-4c50aaad5baa&widgetId=c7c36ee3-2494-4de2-b2cb-d50a86487656&calendarId=e65c1527-c4f8-4316-b6d6-3b174041f00e","UBC"
"UBC Tennis Center","court01","2025-07-19","16:00","16:00","17:00","24","https://ubc.perfectmind.com/24063/Clients/BookMe4LandingPages/Facility?facilityId=c0668c1c-1fd6-4432-a20e-4c50aaad5baa&widgetId=c7c36ee3-2494-4de2-b2cb-d50a86487656&calendarId=e65c1527-c4f8-4316-b6d6-3b174041f00e","UBC"
"UBC Tennis Center","court01","2025-07-19","17:00","17:00","18:00","24","https://ubc.perfectmind.com/24063/Clients/BookMe4LandingPages/Facility?facilityId=c0668c1c-1fd6-4432-a20e-4c50aaad5baa&widgetId=c7c36ee3-2494-4de2-b2cb-d50a86487656&calendarId=e65c1527-c4f8-4316-b6d6-3b174041f00e","UBC"
"UBC Tennis Center","court01","2025-07-19","18:00","18:00","19:00","24","https://ubc.perfectmind.com/24063/Clients/BookMe4LandingPages/Facility?facilityId=c0668c1c-1fd6-4432-a20e-4c50aaad5baa&widgetId=c7c36ee3-2494-4de2-b2cb-d50a86487656&calendarId=e65c1527-c4f8-4316-b6d6-3b174041f00e","UBC"
"UBC Tennis Center","court01","2025-07-19","19:00","19:00","20:00","24","https://ubc.perfectmind.com/24063/Clients/BookMe4LandingPages/Facility?facilityId=c0668c1c-1fd6-4432-a20e-4c50aaad5baa&widgetId=c7c36ee3-2494-4de2-b2cb-d50a86487656&calendarId=e65c1527-c4f8-4316-b6d6-3b174041f00e","UBC"
"UBC Tennis Center","court01","2025-07-20","09:00","09:00","10:00","24","https://ubc.perfectmind.com/24063/Clients/BookMe4LandingPages/Facility?facilityId=c0668c1c-1fd6-4432-a20e-4c50aaad5baa&widgetId=c7c36ee3-2494-4de2-b2cb-d50a86487656&calendarId=e65c1527-c4f8-4316-b6d6-3b174041f00e","UBC"
"UBC Tennis Center","court01","2025-07-20","10:00","10:00","11:00","24","https://ubc.perfectmind.com/24063/Clients/BookMe4LandingPages/Facility?facilityId=c0668c1c-1fd6-4432-a20e-4c50aaad5baa&widgetId=c7c36ee3-2494-4de2-b2cb-d50a86487656&calendarId=e65c1527-c4f8-4316-b6d6-3b174041f00e","UBC"
"UBC Tennis Center","court01","2025-07-20","11:00","11:00","12:00","24","https://ubc.perfectmind.com/24063/Clients/BookMe4LandingPages/Facility?facilityId=c0668c1c-1fd6-4432-a20e-4c50aaad5baa&widgetId=c7c36ee3-2494-4de2-b2cb-d50a86487656&calendarId=e65c1527-c4f8-4316-b6d6-3b174041f00e","UBC"
"UBC Tennis Center","court01","2025-07-20","12:00","12:00","13:00","24","https://ubc.perfectmind.com/24063/Clients/BookMe4LandingPages/Facility?facilityId=c0668c1c-1fd6-4432-a20e-4c50aaad5baa&widgetId=c7c36ee3-2494-4de2-b2cb-d50a86487656&calendarId=e65c1527-c4f8-4316-b6d6-3b174041f00e","UBC"
"UBC Tennis Center","court01","2025-07-20","13:00","13:00","14:00","24","https://ubc.perfectmind.com/24063/Clients/BookMe4LandingPages/Facility?facilityId=c0668c1c-1fd6-4432-a20e-4c50aaad5baa&widgetId=c7c36ee3-2494-4de2-b2cb-d50a86487656&calendarId=e65c1527-c4f8-4316-b6d6-3b174041f00e","UBC"
"UBC Tennis Center","court01","2025-07-20","14:00","14:00","15:00","24","https://ubc.perfectmind.com/24063/Clients/BookMe4LandingPages/Facility?facilityId=c0668c1c-1fd6-4432-a20e-4c50aaad5baa&widgetId=c7c36ee3-2494-4de2-b2cb-d50a86487656&calendarId=e65c1527-c4f8-4316-b6d6-3b174041f00e","UBC"
"UBC Tennis Center","court01","2025-07-20","15:00","15:00","16:00","24","https://ubc.perfectmind.com/24063/Clients/BookMe4LandingPages/Facility?facilityId=c0668c1c-1fd6-4432-a20e-4c50aaad5baa&widgetId=c7c36ee3-2494-4de2-b2cb-d50a86487656&calendarId=e65c1527-c4f8-4316-b6d6-3b174041f00e","UBC"
"UBC Tennis Center","court01","2025-07-20","16:00","16:00","17:00","24","https://ubc.perfectmind.com/24063/Clients/BookMe4LandingPages/Facility?facilityId=c0668c1c-1fd6-4432-a20e-4c50aaad5baa&widgetId=c7c36ee3-2494-4de2-b2cb-d50a86487656&calendarId=e65c1527-c4f8-4316-b6d6-3b174041f00e","UBC"
"UBC Tennis Center","court01","2025-07-20","17:00","17:00","18:00","24","https://ubc.perfectmind.com/24063/Clients/BookMe4LandingPages/Facility?facilityId=c0668c1c-1fd6-4432-a20e-4c50aaad5baa&widgetId=c7c36ee3-2494-4de2-b2cb-d50a86487656&calendarId=e65c1527-c4f8-4316-b6d6-3b174041f00e","UBC"
"UBC Tennis Center","court01","2025-07-20","18:00","18:00","19:00","24","https://ubc.perfectmind.com/24063/Clients/BookMe4LandingPages/Facility?facilityId=c0668c1c-1fd6-4432-a20e-4c50aaad5baa&widgetId=c7c36ee3-2494-4de2-b2cb-d50a86487656&calendarId=e65c1527-c4f8-4316-b6d6-3b174041f00e","UBC"
"UBC Tennis Center","court01","2025-07-20","19:00","19:00","20:00","24","https://ubc.perfectmind.com/24063/Clients/BookMe4LandingPages/Facility?facilityId=c0668c1c-1fd6-4432-a20e-4c50aaad5baa&widgetId=c7c36ee3-2494-4de2-b2cb-d50a86487656&calendarId=e65c1527-c4f8-4316-b6d6-3b174041f00e","UBC"
"UBC Tennis Center","court01","2025-07-21","16:00","16:00","17:00","24","https://ubc.perfectmind.com/24063/Clients/BookMe4LandingPages/Facility?facilityId=c0668c1c-1fd6-4432-a20e-4c50aaad5baa&widgetId=c7c36ee3-2494-4de2-b2cb-d50a86487656&calendarId=e65c1527-c4f8-4316-b6d6-3b174041f00e","UBC"
"UBC Tennis Center","court01","2025-07-21","17:00","17:00","18:00","24","https://ubc.perfectmind.com/24063/Clients/BookMe4LandingPages/Facility?facilityId=c0668c1c-1fd6-4432-a20e-4c50aaad5baa&widgetId=c7c36ee3-2494-4de2-b2cb-d50a86487656&calendarId=e65c1527-c4f8-4316-b6d6-3b174041f00e","UBC"
"UBC Tennis Center","court01","2025-07-21","18:00","18:00","19:00","24","https://ubc.perfectmind.com/24063/Clients/BookMe4LandingPages/Facility?facilityId=c0668c1c-1fd6-4432-a20e-4c50aaad5baa&widgetId=c7c36ee3-2494-4de2-b2cb-d50a86487656&calendarId=e65c1527-c4f8-4316-b6d6-3b174041f00e","UBC"
"UBC Tennis Center","court01","2025-07-21","19:00","19:00","20:00","24","https://ubc.perfectmind.com/24063/Clients/BookMe4LandingPages/Facility?facilityId=c0668c1c-1fd6-4432-a20e-4c50aaad5baa&widgetId=c7c36ee3-2494-4de2-b2cb-d50a86487656&calendarId=e65c1527-c4f8-4316-b6d6-3b174041f00e","UBC"
"UBC Tennis Center","court01","2025-07-22","16:00","16:00","17:00","24","https://ubc.perfectmind.com/24063/Clients/BookMe4LandingPages/Facility?facilityId=c0668c1c-1fd6-4432-a20e-4c50aaad5baa&widgetId=c7c36ee3-2494-4de2-b2cb-d50a86487656&calendarId=e65c1527-c4f8-4316-b6d6-3b174041f00e","UBC"
"UBC Tennis Center","court01","2025-07-22","17:00","17:00","18:00","24","https://ubc.perfectmind.com/24063/Clients/BookMe4LandingPages/Facility?facilityId=c0668c1c-1fd6-4432-a20e-4c50aaad5baa&widgetId=c7c36ee3-2494-4de2-b2cb-d50a86487656&calendarId=e65c1527-c4f8-4316-b6d6-3b174041f00e","UBC"
"UBC Tennis Center","court01","2025-07-22","18:00","18:00","19:00","24","https://ubc.perfectmind.com/24063/Clients/BookMe4LandingPages/Facility?facilityId=c0668c1c-1fd6-4432-a20e-4c50aaad5baa&widgetId=c7c36ee3-2494-4de2-b2cb-d50a86487656&calendarId=e65c1527-c4f8-4316-b6d6-3b174041f00e","UBC"
"UBC Tennis Center","court02","2025-07-16","16:00","16:00","17:00","0","https://ubc.perfectmind.com/24063/Clients/BookMe4LandingPages/Facility?facilityId=e2d99dda-cdc4-4af4-8df6-6c8061ffd56f&widgetId=c7c36ee3-2494-4de2-b2cb-d50a86487656&calendarId=e65c1527-c4f8-4316-b6d6-3b174041f00e","UBC"
"UBC Tennis Center","court02","2025-07-16","18:00","18:00","19:00","0","https://ubc.perfectmind.com/24063/Clients/BookMe4LandingPages/Facility?facilityId=e2d99dda-cdc4-4af4-8df6-6c8061ffd56f&widgetId=c7c36ee3-2494-4de2-b2cb-d50a86487656&calendarId=e65c1527-c4f8-4316-b6d6-3b174041f00e","UBC"
"UBC Tennis Center","court02","2025-07-16","19:00","19:00","20:00","24","https://ubc.perfectmind.com/24063/Clients/BookMe4LandingPages/Facility?facilityId=e2d99dda-cdc4-4af4-8df6-6c8061ffd56f&widgetId=c7c36ee3-2494-4de2-b2cb-d50a86487656&calendarId=e65c1527-c4f8-4316-b6d6-3b174041f00e","UBC"
"UBC Tennis Center","court02","2025-07-17","16:00","16:00","17:00","24","https://ubc.perfectmind.com/24063/Clients/BookMe4LandingPages/Facility?facilityId=e2d99dda-cdc4-4af4-8df6-6c8061ffd56f&widgetId=c7c36ee3-2494-4de2-b2cb-d50a86487656&calendarId=e65c1527-c4f8-4316-b6d6-3b174041f00e","UBC"
"UBC Tennis Center","court02","2025-07-17","17:00","17:00","18:00","24","https://ubc.perfectmind.com/24063/Clients/BookMe4LandingPages/Facility?facilityId=e2d99dda-cdc4-4af4-8df6-6c8061ffd56f&widgetId=c7c36ee3-2494-4de2-b2cb-d50a86487656&calendarId=e65c1527-c4f8-4316-b6d6-3b174041f00e","UBC"
"UBC Tennis Center","court02","2025-07-17","19:00","19:00","20:00","24","https://ubc.perfectmind.com/24063/Clients/BookMe4LandingPages/Facility?facilityId=e2d99dda-cdc4-4af4-8df6-6c8061ffd56f&widgetId=c7c36ee3-2494-4de2-b2cb-d50a86487656&calendarId=e65c1527-c4f8-4316-b6d6-3b174041f00e","UBC"
"UBC Tennis Center","court02","2025-07-18","16:00","16:00","17:00","24","https://ubc.perfectmind.com/24063/Clients/BookMe4LandingPages/Facility?facilityId=e2d99dda-cdc4-4af4-8df6-6c8061ffd56f&widgetId=c7c36ee3-2494-4de2-b2cb-d50a86487656&calendarId=e65c1527-c4f8-4316-b6d6-3b174041f00e","UBC"
"UBC Tennis Center","court02","2025-07-18","17:00","17:00","18:00","24","https://ubc.perfectmind.com/24063/Clients/BookMe4LandingPages/Facility?facilityId=e2d99dda-cdc4-4af4-8df6-6c8061ffd56f&widgetId=c7c36ee3-2494-4de2-b2cb-d50a86487656&calendarId=e65c1527-c4f8-4316-b6d6-3b174041f00e","UBC"
"UBC Tennis Center","court02","2025-07-18","18:00","18:00","19:00","24","https://ubc.perfectmind.com/24063/Clients/BookMe4LandingPages/Facility?facilityId=e2d99dda-cdc4-4af4-8df6-6c8061ffd56f&widgetId=c7c36ee3-2494-4de2-b2cb-d50a86487656&calendarId=e65c1527-c4f8-4316-b6d6-3b174041f00e","UBC"
"UBC Tennis Center","court02","2025-07-18","19:00","19:00","20:00","24","https://ubc.perfectmind.com/24063/Clients/BookMe4LandingPages/Facility?facilityId=e2d99dda-cdc4-4af4-8df6-6c8061ffd56f&widgetId=c7c36ee3-2494-4de2-b2cb-d50a86487656&calendarId=e65c1527-c4f8-4316-b6d6-3b174041f00e","UBC"
"UBC Tennis Center","court02","2025-07-19","09:00","09:00","10:00","24","https://ubc.perfectmind.com/24063/Clients/BookMe4LandingPages/Facility?facilityId=e2d99dda-cdc4-4af4-8df6-6c8061ffd56f&widgetId=c7c36ee3-2494-4de2-b2cb-d50a86487656&calendarId=e65c1527-c4f8-4316-b6d6-3b174041f00e","UBC"
"UBC Tennis Center","court02","2025-07-19","10:00","10:00","11:00","24","https://ubc.perfectmind.com/24063/Clients/BookMe4LandingPages/Facility?facilityId=e2d99dda-cdc4-4af4-8df6-6c8061ffd56f&widgetId=c7c36ee3-2494-4de2-b2cb-d50a86487656&calendarId=e65c1527-c4f8-4316-b6d6-3b174041f00e","UBC"
"UBC Tennis Center","court02","2025-07-19","11:00","11:00","12:00","24","https://ubc.perfectmind.com/24063/Clients/BookMe4LandingPages/Facility?facilityId=e2d99dda-cdc4-4af4-8df6-6c8061ffd56f&widgetId=c7c36ee3-2494-4de2-b2cb-d50a86487656&calendarId=e65c1527-c4f8-4316-b6d6-3b174041f00e","UBC"
"UBC Tennis Center","court02","2025-07-19","12:00","12:00","13:00","24","https://ubc.perfectmind.com/24063/Clients/BookMe4LandingPages/Facility?facilityId=e2d99dda-cdc4-4af4-8df6-6c8061ffd56f&widgetId=c7c36ee3-2494-4de2-b2cb-d50a86487656&calendarId=e65c1527-c4f8-4316-b6d6-3b174041f00e","UBC"
"UBC Tennis Center","court02","2025-07-19","13:00","13:00","14:00","24","https://ubc.perfectmind.com/24063/Clients/BookMe4LandingPages/Facility?facilityId=e2d99dda-cdc4-4af4-8df6-6c8061ffd56f&widgetId=c7c36ee3-2494-4de2-b2cb-d50a86487656&calendarId=e65c1527-c4f8-4316-b6d6-3b174041f00e","UBC"
"UBC Tennis Center","court02","2025-07-19","14:00","14:00","15:00","24","https://ubc.perfectmind.com/24063/Clients/BookMe4LandingPages/Facility?facilityId=e2d99dda-cdc4-4af4-8df6-6c8061ffd56f&widgetId=c7c36ee3-2494-4de2-b2cb-d50a86487656&calendarId=e65c1527-c4f8-4316-b6d6-3b174041f00e","UBC"
"UBC Tennis Center","court02","2025-07-19","15:00","15:00","16:00","24","https://ubc.perfectmind.com/24063/Clients/BookMe4LandingPages/Facility?facilityId=e2d99dda-cdc4-4af4-8df6-6c8061ffd56f&widgetId=c7c36ee3-2494-4de2-b2cb-d50a86487656&calendarId=e65c1527-c4f8-4316-b6d6-3b174041f00e","UBC"
"UBC Tennis Center","court02","2025-07-19","16:00","16:00","17:00","24","https://ubc.perfectmind.com/24063/Clients/BookMe4LandingPages/Facility?facilityId=e2d99dda-cdc4-4af4-8df6-6c8061ffd56f&widgetId=c7c36ee3-2494-4de2-b2cb-d50a86487656&calendarId=e65c1527-c4f8-4316-b6d6-3b174041f00e","UBC"
"UBC Tennis Center","court02","2025-07-19","17:00","17:00","18:00","24","https://ubc.perfectmind.com/24063/Clients/BookMe4LandingPages/Facility?facilityId=e2d99dda-cdc4-4af4-8df6-6c8061ffd56f&widgetId=c7c36ee3-2494-4de2-b2cb-d50a86487656&calendarId=e65c1527-c4f8-4316-b6d6-3b174041f00e","UBC"
"UBC Tennis Center","court02","2025-07-19","18:00","18:00","19:00","24","https://ubc.perfectmind.com/24063/Clients/BookMe4LandingPages/Facility?facilityId=e2d99dda-cdc4-4af4-8df6-6c8061ffd56f&widgetId=c7c36ee3-2494-4de2-b2cb-d50a86487656&calendarId=e65c1527-c4f8-4316-b6d6-3b174041f00e","UBC"
"UBC Tennis Center","court02","2025-07-19","19:00","19:00","20:00","24","https://ubc.perfectmind.com/24063/Clients/BookMe4LandingPages/Facility?facilityId=e2d99dda-cdc4-4af4-8df6-6c8061ffd56f&widgetId=c7c36ee3-2494-4de2-b2cb-d50a86487656&calendarId=e65c1527-c4f8-4316-b6d6-3b174041f00e","UBC"
"UBC Tennis Center","court02","2025-07-20","09:00","09:00","10:00","24","https://ubc.perfectmind.com/24063/Clients/BookMe4LandingPages/Facility?facilityId=e2d99dda-cdc4-4af4-8df6-6c8061ffd56f&widgetId=c7c36ee3-2494-4de2-b2cb-d50a86487656&calendarId=e65c1527-c4f8-4316-b6d6-3b174041f00e","UBC"
"UBC Tennis Center","court02","2025-07-20","10:00","10:00","11:00","24","https://ubc.perfectmind.com/24063/Clients/BookMe4LandingPages/Facility?facilityId=e2d99dda-cdc4-4af4-8df6-6c8061ffd56f&widgetId=c7c36ee3-2494-4de2-b2cb-d50a86487656&calendarId=e65c1527-c4f8-4316-b6d6-3b174041f00e","UBC"
"UBC Tennis Center","court02","2025-07-20","11:00","11:00","12:00","24","https://ubc.perfectmind.com/24063/Clients/BookMe4LandingPages/Facility?facilityId=e2d99dda-cdc4-4af4-8df6-6c8061ffd56f&widgetId=c7c36ee3-2494-4de2-b2cb-d50a86487656&calendarId=e65c1527-c4f8-4316-b6d6-3b174041f00e","UBC"
"UBC Tennis Center","court02","2025-07-20","12:00","12:00","13:00","24","https://ubc.perfectmind.com/24063/Clients/BookMe4LandingPages/Facility?facilityId=e2d99dda-cdc4-4af4-8df6-6c8061ffd56f&widgetId=c7c36ee3-2494-4de2-b2cb-d50a86487656&calendarId=e65c1527-c4f8-4316-b6d6-3b174041f00e","UBC"
"UBC Tennis Center","court02","2025-07-20","13:00","13:00","14:00","24","https://ubc.perfectmind.com/24063/Clients/BookMe4LandingPages/Facility?facilityId=e2d99dda-cdc4-4af4-8df6-6c8061ffd56f&widgetId=c7c36ee3-2494-4de2-b2cb-d50a86487656&calendarId=e65c1527-c4f8-4316-b6d6-3b174041f00e","UBC"
"UBC Tennis Center","court02","2025-07-20","14:00","14:00","15:00","24","https://ubc.perfectmind.com/24063/Clients/BookMe4LandingPages/Facility?facilityId=e2d99dda-cdc4-4af4-8df6-6c8061ffd56f&widgetId=c7c36ee3-2494-4de2-b2cb-d50a86487656&calendarId=e65c1527-c4f8-4316-b6d6-3b174041f00e","UBC"
"UBC Tennis Center","court02","2025-07-20","15:00","15:00","16:00","24","https://ubc.perfectmind.com/24063/Clients/BookMe4LandingPages/Facility?facilityId=e2d99dda-cdc4-4af4-8df6-6c8061ffd56f&widgetId=c7c36ee3-2494-4de2-b2cb-d50a86487656&calendarId=e65c1527-c4f8-4316-b6d6-3b174041f00e","UBC"
"UBC Tennis Center","court02","2025-07-20","16:00","16:00","17:00","24","https://ubc.perfectmind.com/24063/Clients/BookMe4LandingPages/Facility?facilityId=e2d99dda-cdc4-4af4-8df6-6c8061ffd56f&widgetId=c7c36ee3-2494-4de2-b2cb-d50a86487656&calendarId=e65c1527-c4f8-4316-b6d6-3b174041f00e","UBC"
"UBC Tennis Center","court02","2025-07-20","17:00","17:00","18:00","24","https://ubc.perfectmind.com/24063/Clients/BookMe4LandingPages/Facility?facilityId=e2d99dda-cdc4-4af4-8df6-6c8061ffd56f&widgetId=c7c36ee3-2494-4de2-b2cb-d50a86487656&calendarId=e65c1527-c4f8-4316-b6d6-3b174041f00e","UBC"
"UBC Tennis Center","court02","2025-07-20","18:00","18:00","19:00","24","https://ubc.perfectmind.com/24063/Clients/BookMe4LandingPages/Facility?facilityId=e2d99dda-cdc4-4af4-8df6-6c8061ffd56f&widgetId=c7c36ee3-2494-4de2-b2cb-d50a86487656&calendarId=e65c1527-c4f8-4316-b6d6-3b174041f00e","UBC"
"UBC Tennis Center","court02","2025-07-20","19:00","19:00","20:00","24","https://ubc.perfectmind.com/24063/Clients/BookMe4LandingPages/Facility?facilityId=e2d99dda-cdc4-4af4-8df6-6c8061ffd56f&widgetId=c7c36ee3-2494-4de2-b2cb-d50a86487656&calendarId=e65c1527-c4f8-4316-b6d6-3b174041f00e","UBC"
"UBC Tennis Center","court02","2025-07-21","16:00","16:00","17:00","24","https://ubc.perfectmind.com/24063/Clients/BookMe4LandingPages/Facility?facilityId=e2d99dda-cdc4-4af4-8df6-6c8061ffd56f&widgetId=c7c36ee3-2494-4de2-b2cb-d50a86487656&calendarId=e65c1527-c4f8-4316-b6d6-3b174041f00e","UBC"
"UBC Tennis Center","court02","2025-07-21","17:00","17:00","18:00","24","https://ubc.perfectmind.com/24063/Clients/BookMe4LandingPages/Facility?facilityId=e2d99dda-cdc4-4af4-8df6-6c8061ffd56f&widgetId=c7c36ee3-2494-4de2-b2cb-d50a86487656&calendarId=e65c1527-c4f8-4316-b6d6-3b174041f00e","UBC"
"UBC Tennis Center","court02","2025-07-21","18:00","18:00","19:00","24","https://ubc.perfectmind.com/24063/Clients/BookMe4LandingPages/Facility?facilityId=e2d99dda-cdc4-4af4-8df6-6c8061ffd56f&widgetId=c7c36ee3-2494-4de2-b2cb-d50a86487656&calendarId=e65c1527-c4f8-4316-b6d6-3b174041f00e","UBC"
"UBC Tennis Center","court02","2025-07-21","19:00","19:00","20:00","24","https://ubc.perfectmind.com/24063/Clients/BookMe4LandingPages/Facility?facilityId=e2d99dda-cdc4-4af4-8df6-6c8061ffd56f&widgetId=c7c36ee3-2494-4de2-b2cb-d50a86487656&calendarId=e65c1527-c4f8-4316-b6d6-3b174041f00e","UBC"
"UBC Tennis Center","court02","2025-07-22","16:00","16:00","17:00","24","https://ubc.perfectmind.com/24063/Clients/BookMe4LandingPages/Facility?facilityId=e2d99dda-cdc4-4af4-8df6-6c8061ffd56f&widgetId=c7c36ee3-2494-4de2-b2cb-d50a86487656&calendarId=e65c1527-c4f8-4316-b6d6-3b174041f00e","UBC"
"UBC Tennis Center","court02","2025-07-22","17:00","17:00","18:00","24","https://ubc.perfectmind.com/24063/Clients/BookMe4LandingPages/Facility?facilityId=e2d99dda-cdc4-4af4-8df6-6c8061ffd56f&widgetId=c7c36ee3-2494-4de2-b2cb-d50a86487656&calendarId=e65c1527-c4f8-4316-b6d6-3b174041f00e","UBC"
"UBC Tennis Center","court02","2025-07-22","18:00","18:00","19:00","24","https://ubc.perfectmind.com/24063/Clients/BookMe4LandingPages/Facility?facilityId=e2d99dda-cdc4-4af4-8df6-6c8061ffd56f&widgetId=c7c36ee3-2494-4de2-b2cb-d50a86487656&calendarId=e65c1527-c4f8-4316-b6d6-3b174041f00e","UBC"
"UBC Tennis Center","court03","2025-07-16","16:00","16:00","17:00","0","https://ubc.perfectmind.com/24063/Clients/BookMe4LandingPages/Facility?facilityId=c117a102-0ba0-4aa8-b8cf-eb8a1480be55&widgetId=c7c36ee3-2494-4de2-b2cb-d50a86487656&calendarId=e65c1527-c4f8-4316-b6d6-3b174041f00e","UBC"
"UBC Tennis Center","court03","2025-07-16","18:00","18:00","19:00","0","https://ubc.perfectmind.com/24063/Clients/BookMe4LandingPages/Facility?facilityId=c117a102-0ba0-4aa8-b8cf-eb8a1480be55&widgetId=c7c36ee3-2494-4de2-b2cb-d50a86487656&calendarId=e65c1527-c4f8-4316-b6d6-3b174041f00e","UBC"
"UBC Tennis Center","court03","2025-07-16","19:00","19:00","20:00","24","https://ubc.perfectmind.com/24063/Clients/BookMe4LandingPages/Facility?facilityId=c117a102-0ba0-4aa8-b8cf-eb8a1480be55&widgetId=c7c36ee3-2494-4de2-b2cb-d50a86487656&calendarId=e65c1527-c4f8-4316-b6d6-3b174041f00e","UBC"
"UBC Tennis Center","court03","2025-07-17","16:00","16:00","17:00","24","https://ubc.perfectmind.com/24063/Clients/BookMe4LandingPages/Facility?facilityId=c117a102-0ba0-4aa8-b8cf-eb8a1480be55&widgetId=c7c36ee3-2494-4de2-b2cb-d50a86487656&calendarId=e65c1527-c4f8-4316-b6d6-3b174041f00e","UBC"
"UBC Tennis Center","court03","2025-07-17","17:00","17:00","18:00","24","https://ubc.perfectmind.com/24063/Clients/BookMe4LandingPages/Facility?facilityId=c117a102-0ba0-4aa8-b8cf-eb8a1480be55&widgetId=c7c36ee3-2494-4de2-b2cb-d50a86487656&calendarId=e65c1527-c4f8-4316-b6d6-3b174041f00e","UBC"
"UBC Tennis Center","court03","2025-07-18","16:00","16:00","17:00","24","https://ubc.perfectmind.com/24063/Clients/BookMe4LandingPages/Facility?facilityId=c117a102-0ba0-4aa8-b8cf-eb8a1480be55&widgetId=c7c36ee3-2494-4de2-b2cb-d50a86487656&calendarId=e65c1527-c4f8-4316-b6d6-3b174041f00e","UBC"
"UBC Tennis Center","court03","2025-07-18","17:00","17:00","18:00","24","https://ubc.perfectmind.com/24063/Clients/BookMe4LandingPages/Facility?facilityId=c117a102-0ba0-4aa8-b8cf-eb8a1480be55&widgetId=c7c36ee3-2494-4de2-b2cb-d50a86487656&calendarId=e65c1527-c4f8-4316-b6d6-3b174041f00e","UBC"
"UBC Tennis Center","court03","2025-07-18","18:00","18:00","19:00","24","https://ubc.perfectmind.com/24063/Clients/BookMe4LandingPages/Facility?facilityId=c117a102-0ba0-4aa8-b8cf-eb8a1480be55&widgetId=c7c36ee3-2494-4de2-b2cb-d50a86487656&calendarId=e65c1527-c4f8-4316-b6d6-3b174041f00e","UBC"
"UBC Tennis Center","court03","2025-07-18","19:00","19:00","20:00","24","https://ubc.perfectmind.com/24063/Clients/BookMe4LandingPages/Facility?facilityId=c117a102-0ba0-4aa8-b8cf-eb8a1480be55&widgetId=c7c36ee3-2494-4de2-b2cb-d50a86487656&calendarId=e65c1527-c4f8-4316-b6d6-3b174041f00e","UBC"
"UBC Tennis Center","court03","2025-07-19","09:00","09:00","10:00","24","https://ubc.perfectmind.com/24063/Clients/BookMe4LandingPages/Facility?facilityId=c117a102-0ba0-4aa8-b8cf-eb8a1480be55&widgetId=c7c36ee3-2494-4de2-b2cb-d50a86487656&calendarId=e65c1527-c4f8-4316-b6d6-3b174041f00e","UBC"
"UBC Tennis Center","court03","2025-07-19","10:00","10:00","11:00","24","https://ubc.perfectmind.com/24063/Clients/BookMe4LandingPages/Facility?facilityId=c117a102-0ba0-4aa8-b8cf-eb8a1480be55&widgetId=c7c36ee3-2494-4de2-b2cb-d50a86487656&calendarId=e65c1527-c4f8-4316-b6d6-3b174041f00e","UBC"
"UBC Tennis Center","court03","2025-07-19","11:00","11:00","12:00","24","https://ubc.perfectmind.com/24063/Clients/BookMe4LandingPages/Facility?facilityId=c117a102-0ba0-4aa8-b8cf-eb8a1480be55&widgetId=c7c36ee3-2494-4de2-b2cb-d50a86487656&calendarId=e65c1527-c4f8-4316-b6d6-3b174041f00e","UBC"
"UBC Tennis Center","court03","2025-07-19","12:00","12:00","13:00","24","https://ubc.perfectmind.com/24063/Clients/BookMe4LandingPages/Facility?facilityId=c117a102-0ba0-4aa8-b8cf-eb8a1480be55&widgetId=c7c36ee3-2494-4de2-b2cb-d50a86487656&calendarId=e65c1527-c4f8-4316-b6d6-3b174041f00e","UBC"
"UBC Tennis Center","court03","2025-07-19","13:00","13:00","14:00","24","https://ubc.perfectmind.com/24063/Clients/BookMe4LandingPages/Facility?facilityId=c117a102-0ba0-4aa8-b8cf-eb8a1480be55&widgetId=c7c36ee3-2494-4de2-b2cb-d50a86487656&calendarId=e65c1527-c4f8-4316-b6d6-3b174041f00e","UBC"
"UBC Tennis Center","court03","2025-07-19","14:00","14:00","15:00","24","https://ubc.perfectmind.com/24063/Clients/BookMe4LandingPages/Facility?facilityId=c117a102-0ba0-4aa8-b8cf-eb8a1480be55&widgetId=c7c36ee3-2494-4de2-b2cb-d50a86487656&calendarId=e65c1527-c4f8-4316-b6d6-3b174041f00e","UBC"
"UBC Tennis Center","court03","2025-07-19","15:00","15:00","16:00","24","https://ubc.perfectmind.com/24063/Clients/BookMe4LandingPages/Facility?facilityId=c117a102-0ba0-4aa8-b8cf-eb8a1480be55&widgetId=c7c36ee3-2494-4de2-b2cb-d50a86487656&calendarId=e65c1527-c4f8-4316-b6d6-3b174041f00e","UBC"
"UBC Tennis Center","court03","2025-07-19","16:00","16:00","17:00","24","https://ubc.perfectmind.com/24063/Clients/BookMe4LandingPages/Facility?facilityId=c117a102-0ba0-4aa8-b8cf-eb8a1480be55&widgetId=c7c36ee3-2494-4de2-b2cb-d50a86487656&calendarId=e65c1527-c4f8-4316-b6d6-3b174041f00e","UBC"
"UBC Tennis Center","court03","2025-07-19","17:00","17:00","18:00","24","https://ubc.perfectmind.com/24063/Clients/BookMe4LandingPages/Facility?facilityId=c117a102-0ba0-4aa8-b8cf-eb8a1480be55&widgetId=c7c36ee3-2494-4de2-b2cb-d50a86487656&calendarId=e65c1527-c4f8-4316-b6d6-3b174041f00e","UBC"
"UBC Tennis Center","court03","2025-07-19","18:00","18:00","19:00","24","https://ubc.perfectmind.com/24063/Clients/BookMe4LandingPages/Facility?facilityId=c117a102-0ba0-4aa8-b8cf-eb8a1480be55&widgetId=c7c36ee3-2494-4de2-b2cb-d50a86487656&calendarId=e65c1527-c4f8-4316-b6d6-3b174041f00e","UBC"
"UBC Tennis Center","court03","2025-07-19","19:00","19:00","20:00","24","https://ubc.perfectmind.com/24063/Clients/BookMe4LandingPages/Facility?facilityId=c117a102-0ba0-4aa8-b8cf-eb8a1480be55&widgetId=c7c36ee3-2494-4de2-b2cb-d50a86487656&calendarId=e65c1527-c4f8-4316-b6d6-3b174041f00e","UBC"
"UBC Tennis Center","court03","2025-07-20","09:00","09:00","10:00","24","https://ubc.perfectmind.com/24063/Clients/BookMe4LandingPages/Facility?facilityId=c117a102-0ba0-4aa8-b8cf-eb8a1480be55&widgetId=c7c36ee3-2494-4de2-b2cb-d50a86487656&calendarId=e65c1527-c4f8-4316-b6d6-3b174041f00e","UBC"
"UBC Tennis Center","court03","2025-07-20","10:00","10:00","11:00","24","https://ubc.perfectmind.com/24063/Clients/BookMe4LandingPages/Facility?facilityId=c117a102-0ba0-4aa8-b8cf-eb8a1480be55&widgetId=c7c36ee3-2494-4de2-b2cb-d50a86487656&calendarId=e65c1527-c4f8-4316-b6d6-3b174041f00e","UBC"
"UBC Tennis Center","court03","2025-07-20","11:00","11:00","12:00","24","https://ubc.perfectmind.com/24063/Clients/BookMe4LandingPages/Facility?facilityId=c117a102-0ba0-4aa8-b8cf-eb8a1480be55&widgetId=c7c36ee3-2494-4de2-b2cb-d50a86487656&calendarId=e65c1527-c4f8-4316-b6d6-3b174041f00e","UBC"
"UBC Tennis Center","court03","2025-07-20","12:00","12:00","13:00","24","https://ubc.perfectmind.com/24063/Clients/BookMe4LandingPages/Facility?facilityId=c117a102-0ba0-4aa8-b8cf-eb8a1480be55&widgetId=c7c36ee3-2494-4de2-b2cb-d50a86487656&calendarId=e65c1527-c4f8-4316-b6d6-3b174041f00e","UBC"
"UBC Tennis Center","court03","2025-07-20","13:00","13:00","14:00","24","https://ubc.perfectmind.com/24063/Clients/BookMe4LandingPages/Facility?facilityId=c117a102-0ba0-4aa8-b8cf-eb8a1480be55&widgetId=c7c36ee3-2494-4de2-b2cb-d50a86487656&calendarId=e65c1527-c4f8-4316-b6d6-3b174041f00e","UBC"
"UBC Tennis Center","court03","2025-07-20","14:00","14:00","15:00","24","https://ubc.perfectmind.com/24063/Clients/BookMe4LandingPages/Facility?facilityId=c117a102-0ba0-4aa8-b8cf-eb8a1480be55&widgetId=c7c36ee3-2494-4de2-b2cb-d50a86487656&calendarId=e65c1527-c4f8-4316-b6d6-3b174041f00e","UBC"
"UBC Tennis Center","court03","2025-07-20","15:00","15:00","16:00","24","https://ubc.perfectmind.com/24063/Clients/BookMe4LandingPages/Facility?facilityId=c117a102-0ba0-4aa8-b8cf-eb8a1480be55&widgetId=c7c36ee3-2494-4de2-b2cb-d50a86487656&calendarId=e65c1527-c4f8-4316-b6d6-3b174041f00e","UBC"
"UBC Tennis Center","court03","2025-07-20","16:00","16:00","17:00","24","https://ubc.perfectmind.com/24063/Clients/BookMe4LandingPages/Facility?facilityId=c117a102-0ba0-4aa8-b8cf-eb8a1480be55&widgetId=c7c36ee3-2494-4de2-b2cb-d50a86487656&calendarId=e65c1527-c4f8-4316-b6d6-3b174041f00e","UBC"
"UBC Tennis Center","court03","2025-07-20","17:00","17:00","18:00","24","https://ubc.perfectmind.com/24063/Clients/BookMe4LandingPages/Facility?facilityId=c117a102-0ba0-4aa8-b8cf-eb8a1480be55&widgetId=c7c36ee3-2494-4de2-b2cb-d50a86487656&calendarId=e65c1527-c4f8-4316-b6d6-3b174041f00e","UBC"
"UBC Tennis Center","court03","2025-07-20","18:00","18:00","19:00","24","https://ubc.perfectmind.com/24063/Clients/BookMe4LandingPages/Facility?facilityId=c117a102-0ba0-4aa8-b8cf-eb8a1480be55&widgetId=c7c36ee3-2494-4de2-b2cb-d50a86487656&calendarId=e65c1527-c4f8-4316-b6d6-3b174041f00e","UBC"
"UBC Tennis Center","court03","2025-07-20","19:00","19:00","20:00","24","https://ubc.perfectmind.com/24063/Clients/BookMe4LandingPages/Facility?facilityId=c117a102-0ba0-4aa8-b8cf-eb8a1480be55&widgetId=c7c36ee3-2494-4de2-b2cb-d50a86487656&calendarId=e65c1527-c4f8-4316-b6d6-3b174041f00e","UBC"
"UBC Tennis Center","court03","2025-07-21","16:00","16:00","17:00","24","https://ubc.perfectmind.com/24063/Clients/BookMe4LandingPages/Facility?facilityId=c117a102-0ba0-4aa8-b8cf-eb8a1480be55&widgetId=c7c36ee3-2494-4de2-b2cb-d50a86487656&calendarId=e65c1527-c4f8-4316-b6d6-3b174041f00e","UBC"
"UBC Tennis Center","court03","2025-07-21","17:00","17:00","18:00","24","https://ubc.perfectmind.com/24063/Clients/BookMe4LandingPages/Facility?facilityId=c117a102-0ba0-4aa8-b8cf-eb8a1480be55&widgetId=c7c36ee3-2494-4de2-b2cb-d50a86487656&calendarId=e65c1527-c4f8-4316-b6d6-3b174041f00e","UBC"
"UBC Tennis Center","court03","2025-07-21","18:00","18:00","19:00","24","https://ubc.perfectmind.com/24063/Clients/BookMe4LandingPages/Facility?facilityId=c117a102-0ba0-4aa8-b8cf-eb8a1480be55&widgetId=c7c36ee3-2494-4de2-b2cb-d50a86487656&calendarId=e65c1527-c4f8-4316-b6d6-3b174041f00e","UBC"
"UBC Tennis Center","court03","2025-07-21","19:00","19:00","20:00","24","https://ubc.perfectmind.com/24063/Clients/BookMe4LandingPages/Facility?facilityId=c117a102-0ba0-4aa8-b8cf-eb8a1480be55&widgetId=c7c36ee3-2494-4de2-b2cb-d50a86487656&calendarId=e65c1527-c4f8-4316-b6d6-3b174041f00e","UBC"
"UBC Tennis Center","court03","2025-07-22","16:00","16:00","17:00","24","https://ubc.perfectmind.com/24063/Clients/BookMe4LandingPages/Facility?facilityId=c117a102-0ba0-4aa8-b8cf-eb8a1480be55&widgetId=c7c36ee3-2494-4de2-b2cb-d50a86487656&calendarId=e65c1527-c4f8-4316-b6d6-3b174041f00e","UBC"
"UBC Tennis Center","court03","2025-07-22","17:00","17:00","18:00","24","https://ubc.perfectmind.com/24063/Clients/BookMe4LandingPages/Facility?facilityId=c117a102-0ba0-4aa8-b8cf-eb8a1480be55&widgetId=c7c36ee3-2494-4de2-b2cb-d50a86487656&calendarId=e65c1527-c4f8-4316-b6d6-3b174041f00e","UBC"
"UBC Tennis Center","court03","2025-07-22","18:00","18:00","19:00","24","https://ubc.perfectmind.com/24063/Clients/BookMe4LandingPages/Facility?facilityId=c117a102-0ba0-4aa8-b8cf-eb8a1480be55&widgetId=c7c36ee3-2494-4de2-b2cb-d50a86487656&calendarId=e65c1527-c4f8-4316-b6d6-3b174041f00e","UBC"
"UBC Tennis Center","court04","2025-07-16","19:00","19:00","20:00","24","https://ubc.perfectmind.com/24063/Clients/BookMe4LandingPages/Facility?facilityId=47f78e62-2ac0-4d39-8ffa-5d331f60e14e&widgetId=c7c36ee3-2494-4de2-b2cb-d50a86487656&calendarId=e65c1527-c4f8-4316-b6d6-3b174041f00e","UBC"
"UBC Tennis Center","court04","2025-07-17","16:00","16:00","17:00","24","https://ubc.perfectmind.com/24063/Clients/BookMe4LandingPages/Facility?facilityId=47f78e62-2ac0-4d39-8ffa-5d331f60e14e&widgetId=c7c36ee3-2494-4de2-b2cb-d50a86487656&calendarId=e65c1527-c4f8-4316-b6d6-3b174041f00e","UBC"
"UBC Tennis Center","court04","2025-07-17","17:00","17:00","18:00","24","https://ubc.perfectmind.com/24063/Clients/BookMe4LandingPages/Facility?facilityId=47f78e62-2ac0-4d39-8ffa-5d331f60e14e&widgetId=c7c36ee3-2494-4de2-b2cb-d50a86487656&calendarId=e65c1527-c4f8-4316-b6d6-3b174041f00e","UBC"
"UBC Tennis Center","court04","2025-07-17","18:00","18:00","19:00","24","https://ubc.perfectmind.com/24063/Clients/BookMe4LandingPages/Facility?facilityId=47f78e62-2ac0-4d39-8ffa-5d331f60e14e&widgetId=c7c36ee3-2494-4de2-b2cb-d50a86487656&calendarId=e65c1527-c4f8-4316-b6d6-3b174041f00e","UBC"
"UBC Tennis Center","court04","2025-07-17","19:00","19:00","20:00","24","https://ubc.perfectmind.com/24063/Clients/BookMe4LandingPages/Facility?facilityId=47f78e62-2ac0-4d39-8ffa-5d331f60e14e&widgetId=c7c36ee3-2494-4de2-b2cb-d50a86487656&calendarId=e65c1527-c4f8-4316-b6d6-3b174041f00e","UBC"
"UBC Tennis Center","court04","2025-07-18","16:00","16:00","17:00","24","https://ubc.perfectmind.com/24063/Clients/BookMe4LandingPages/Facility?facilityId=47f78e62-2ac0-4d39-8ffa-5d331f60e14e&widgetId=c7c36ee3-2494-4de2-b2cb-d50a86487656&calendarId=e65c1527-c4f8-4316-b6d6-3b174041f00e","UBC"
"UBC Tennis Center","court04","2025-07-18","17:00","17:00","18:00","24","https://ubc.perfectmind.com/24063/Clients/BookMe4LandingPages/Facility?facilityId=47f78e62-2ac0-4d39-8ffa-5d331f60e14e&widgetId=c7c36ee3-2494-4de2-b2cb-d50a86487656&calendarId=e65c1527-c4f8-4316-b6d6-3b174041f00e","UBC"
"UBC Tennis Center","court04","2025-07-18","18:00","18:00","19:00","24","https://ubc.perfectmind.com/24063/Clients/BookMe4LandingPages/Facility?facilityId=47f78e62-2ac0-4d39-8ffa-5d331f60e14e&widgetId=c7c36ee3-2494-4de2-b2cb-d50a86487656&calendarId=e65c1527-c4f8-4316-b6d6-3b174041f00e","UBC"
"UBC Tennis Center","court04","2025-07-18","19:00","19:00","20:00","24","https://ubc.perfectmind.com/24063/Clients/BookMe4LandingPages/Facility?facilityId=47f78e62-2ac0-4d39-8ffa-5d331f60e14e&widgetId=c7c36ee3-2494-4de2-b2cb-d50a86487656&calendarId=e65c1527-c4f8-4316-b6d6-3b174041f00e","UBC"
"UBC Tennis Center","court04","2025-07-19","09:00","09:00","10:00","24","https://ubc.perfectmind.com/24063/Clients/BookMe4LandingPages/Facility?facilityId=47f78e62-2ac0-4d39-8ffa-5d331f60e14e&widgetId=c7c36ee3-2494-4de2-b2cb-d50a86487656&calendarId=e65c1527-c4f8-4316-b6d6-3b174041f00e","UBC"
"UBC Tennis Center","court04","2025-07-19","10:00","10:00","11:00","24","https://ubc.perfectmind.com/24063/Clients/BookMe4LandingPages/Facility?facilityId=47f78e62-2ac0-4d39-8ffa-5d331f60e14e&widgetId=c7c36ee3-2494-4de2-b2cb-d50a86487656&calendarId=e65c1527-c4f8-4316-b6d6-3b174041f00e","UBC"
"UBC Tennis Center","court04","2025-07-19","11:00","11:00","12:00","24","https://ubc.perfectmind.com/24063/Clients/BookMe4LandingPages/Facility?facilityId=47f78e62-2ac0-4d39-8ffa-5d331f60e14e&widgetId=c7c36ee3-2494-4de2-b2cb-d50a86487656&calendarId=e65c1527-c4f8-4316-b6d6-3b174041f00e","UBC"
"UBC Tennis Center","court04","2025-07-19","12:00","12:00","13:00","24","https://ubc.perfectmind.com/24063/Clients/BookMe4LandingPages/Facility?facilityId=47f78e62-2ac0-4d39-8ffa-5d331f60e14e&widgetId=c7c36ee3-2494-4de2-b2cb-d50a86487656&calendarId=e65c1527-c4f8-4316-b6d6-3b174041f00e","UBC"
"UBC Tennis Center","court04","2025-07-19","13:00","13:00","14:00","24","https://ubc.perfectmind.com/24063/Clients/BookMe4LandingPages/Facility?facilityId=47f78e62-2ac0-4d39-8ffa-5d331f60e14e&widgetId=c7c36ee3-2494-4de2-b2cb-d50a86487656&calendarId=e65c1527-c4f8-4316-b6d6-3b174041f00e","UBC"
"UBC Tennis Center","court04","2025-07-19","14:00","14:00","15:00","24","https://ubc.perfectmind.com/24063/Clients/BookMe4LandingPages/Facility?facilityId=47f78e62-2ac0-4d39-8ffa-5d331f60e14e&widgetId=c7c36ee3-2494-4de2-b2cb-d50a86487656&calendarId=e65c1527-c4f8-4316-b6d6-3b174041f00e","UBC"
"UBC Tennis Center","court04","2025-07-19","15:00","15:00","16:00","24","https://ubc.perfectmind.com/24063/Clients/BookMe4LandingPages/Facility?facilityId=47f78e62-2ac0-4d39-8ffa-5d331f60e14e&widgetId=c7c36ee3-2494-4de2-b2cb-d50a86487656&calendarId=e65c1527-c4f8-4316-b6d6-3b174041f00e","UBC"
"UBC Tennis Center","court04","2025-07-19","16:00","16:00","17:00","24","https://ubc.perfectmind.com/24063/Clients/BookMe4LandingPages/Facility?facilityId=47f78e62-2ac0-4d39-8ffa-5d331f60e14e&widgetId=c7c36ee3-2494-4de2-b2cb-d50a86487656&calendarId=e65c1527-c4f8-4316-b6d6-3b174041f00e","UBC"
"UBC Tennis Center","court04","2025-07-19","17:00","17:00","18:00","24","https://ubc.perfectmind.com/24063/Clients/BookMe4LandingPages/Facility?facilityId=47f78e62-2ac0-4d39-8ffa-5d331f60e14e&widgetId=c7c36ee3-2494-4de2-b2cb-d50a86487656&calendarId=e65c1527-c4f8-4316-b6d6-3b174041f00e","UBC"
"UBC Tennis Center","court04","2025-07-19","18:00","18:00","19:00","24","https://ubc.perfectmind.com/24063/Clients/BookMe4LandingPages/Facility?facilityId=47f78e62-2ac0-4d39-8ffa-5d331f60e14e&widgetId=c7c36ee3-2494-4de2-b2cb-d50a86487656&calendarId=e65c1527-c4f8-4316-b6d6-3b174041f00e","UBC"
"UBC Tennis Center","court04","2025-07-19","19:00","19:00","20:00","24","https://ubc.perfectmind.com/24063/Clients/BookMe4LandingPages/Facility?facilityId=47f78e62-2ac0-4d39-8ffa-5d331f60e14e&widgetId=c7c36ee3-2494-4de2-b2cb-d50a86487656&calendarId=e65c1527-c4f8-4316-b6d6-3b174041f00e","UBC"
"UBC Tennis Center","court04","2025-07-20","09:00","09:00","10:00","24","https://ubc.perfectmind.com/24063/Clients/BookMe4LandingPages/Facility?facilityId=47f78e62-2ac0-4d39-8ffa-5d331f60e14e&widgetId=c7c36ee3-2494-4de2-b2cb-d50a86487656&calendarId=e65c1527-c4f8-4316-b6d6-3b174041f00e","UBC"
"UBC Tennis Center","court04","2025-07-20","10:00","10:00","11:00","24","https://ubc.perfectmind.com/24063/Clients/BookMe4LandingPages/Facility?facilityId=47f78e62-2ac0-4d39-8ffa-5d331f60e14e&widgetId=c7c36ee3-2494-4de2-b2cb-d50a86487656&calendarId=e65c1527-c4f8-4316-b6d6-3b174041f00e","UBC"
"UBC Tennis Center","court04","2025-07-20","11:00","11:00","12:00","24","https://ubc.perfectmind.com/24063/Clients/BookMe4LandingPages/Facility?facilityId=47f78e62-2ac0-4d39-8ffa-5d331f60e14e&widgetId=c7c36ee3-2494-4de2-b2cb-d50a86487656&calendarId=e65c1527-c4f8-4316-b6d6-3b174041f00e","UBC"
"UBC Tennis Center","court04","2025-07-20","12:00","12:00","13:00","24","https://ubc.perfectmind.com/24063/Clients/BookMe4LandingPages/Facility?facilityId=47f78e62-2ac0-4d39-8ffa-5d331f60e14e&widgetId=c7c36ee3-2494-4de2-b2cb-d50a86487656&calendarId=e65c1527-c4f8-4316-b6d6-3b174041f00e","UBC"
"UBC Tennis Center","court04","2025-07-20","13:00","13:00","14:00","24","https://ubc.perfectmind.com/24063/Clients/BookMe4LandingPages/Facility?facilityId=47f78e62-2ac0-4d39-8ffa-5d331f60e14e&widgetId=c7c36ee3-2494-4de2-b2cb-d50a86487656&calendarId=e65c1527-c4f8-4316-b6d6-3b174041f00e","UBC"
"UBC Tennis Center","court04","2025-07-20","14:00","14:00","15:00","24","https://ubc.perfectmind.com/24063/Clients/BookMe4LandingPages/Facility?facilityId=47f78e62-2ac0-4d39-8ffa-5d331f60e14e&widgetId=c7c36ee3-2494-4de2-b2cb-d50a86487656&calendarId=e65c1527-c4f8-4316-b6d6-3b174041f00e","UBC"
"UBC Tennis Center","court04","2025-07-20","15:00","15:00","16:00","24","https://ubc.perfectmind.com/24063/Clients/BookMe4LandingPages/Facility?facilityId=47f78e62-2ac0-4d39-8ffa-5d331f60e14e&widgetId=c7c36ee3-2494-4de2-b2cb-d50a86487656&calendarId=e65c1527-c4f8-4316-b6d6-3b174041f00e","UBC"
"UBC Tennis Center","court04","2025-07-20","16:00","16:00","17:00","24","https://ubc.perfectmind.com/24063/Clients/BookMe4LandingPages/Facility?facilityId=47f78e62-2ac0-4d39-8ffa-5d331f60e14e&widgetId=c7c36ee3-2494-4de2-b2cb-d50a86487656&calendarId=e65c1527-c4f8-4316-b6d6-3b174041f00e","UBC"
"UBC Tennis Center","court04","2025-07-20","17:00","17:00","18:00","24","https://ubc.perfectmind.com/24063/Clients/BookMe4LandingPages/Facility?facilityId=47f78e62-2ac0-4d39-8ffa-5d331f60e14e&widgetId=c7c36ee3-2494-4de2-b2cb-d50a86487656&calendarId=e65c1527-c4f8-4316-b6d6-3b174041f00e","UBC"
"UBC Tennis Center","court04","2025-07-20","18:00","18:00","19:00","24","https://ubc.perfectmind.com/24063/Clients/BookMe4LandingPages/Facility?facilityId=47f78e62-2ac0-4d39-8ffa-5d331f60e14e&widgetId=c7c36ee3-2494-4de2-b2cb-d50a86487656&calendarId=e65c1527-c4f8-4316-b6d6-3b174041f00e","UBC"
"UBC Tennis Center","court04","2025-07-20","19:00","19:00","20:00","24","https://ubc.perfectmind.com/24063/Clients/BookMe4LandingPages/Facility?facilityId=47f78e62-2ac0-4d39-8ffa-5d331f60e14e&widgetId=c7c36ee3-2494-4de2-b2cb-d50a86487656&calendarId=e65c1527-c4f8-4316-b6d6-3b174041f00e","UBC"
"UBC Tennis Center","court04","2025-07-21","16:00","16:00","17:00","24","https://ubc.perfectmind.com/24063/Clients/BookMe4LandingPages/Facility?facilityId=47f78e62-2ac0-4d39-8ffa-5d331f60e14e&widgetId=c7c36ee3-2494-4de2-b2cb-d50a86487656&calendarId=e65c1527-c4f8-4316-b6d6-3b174041f00e","UBC"
"UBC Tennis Center","court04","2025-07-21","17:00","17:00","18:00","24","https://ubc.perfectmind.com/24063/Clients/BookMe4LandingPages/Facility?facilityId=47f78e62-2ac0-4d39-8ffa-5d331f60e14e&widgetId=c7c36ee3-2494-4de2-b2cb-d50a86487656&calendarId=e65c1527-c4f8-4316-b6d6-3b174041f00e","UBC"
"UBC Tennis Center","court04","2025-07-21","18:00","18:00","19:00","24","https://ubc.perfectmind.com/24063/Clients/BookMe4LandingPages/Facility?facilityId=47f78e62-2ac0-4d39-8ffa-5d331f60e14e&widgetId=c7c36ee3-2494-4de2-b2cb-d50a86487656&calendarId=e65c1527-c4f8-4316-b6d6-3b174041f00e","UBC"
"UBC Tennis Center","court04","2025-07-21","19:00","19:00","20:00","24","https://ubc.perfectmind.com/24063/Clients/BookMe4LandingPages/Facility?facilityId=47f78e62-2ac0-4d39-8ffa-5d331f60e14e&widgetId=c7c36ee3-2494-4de2-b2cb-d50a86487656&calendarId=e65c1527-c4f8-4316-b6d6-3b174041f00e","UBC"
"UBC Tennis Center","court04","2025-07-22","16:00","16:00","17:00","24","https://ubc.perfectmind.com/24063/Clients/BookMe4LandingPages/Facility?facilityId=47f78e62-2ac0-4d39-8ffa-5d331f60e14e&widgetId=c7c36ee3-2494-4de2-b2cb-d50a86487656&calendarId=e65c1527-c4f8-4316-b6d6-3b174041f00e","UBC"
"UBC Tennis Center","court04","2025-07-22","17:00","17:00","18:00","24","https://ubc.perfectmind.com/24063/Clients/BookMe4LandingPages/Facility?facilityId=47f78e62-2ac0-4d39-8ffa-5d331f60e14e&widgetId=c7c36ee3-2494-4de2-b2cb-d50a86487656&calendarId=e65c1527-c4f8-4316-b6d6-3b174041f00e","UBC"
"UBC Tennis Center","court04","2025-07-22","18:00","18:00","19:00","24","https://ubc.perfectmind.com/24063/Clients/BookMe4LandingPages/Facility?facilityId=47f78e62-2ac0-4d39-8ffa-5d331f60e14e&widgetId=c7c36ee3-2494-4de2-b2cb-d50a86487656&calendarId=e65c1527-c4f8-4316-b6d6-3b174041f00e","UBC"
"UBC Tennis Center","court05","2025-07-16","16:00","16:00","17:00","0","https://ubc.perfectmind.com/24063/Clients/BookMe4LandingPages/Facility?facilityId=e5432c07-c2a6-46d1-a5d7-25c58567046c&widgetId=c7c36ee3-2494-4de2-b2cb-d50a86487656&calendarId=e65c1527-c4f8-4316-b6d6-3b174041f00e","UBC"
"UBC Tennis Center","court05","2025-07-16","18:00","18:00","19:00","0","https://ubc.perfectmind.com/24063/Clients/BookMe4LandingPages/Facility?facilityId=e5432c07-c2a6-46d1-a5d7-25c58567046c&widgetId=c7c36ee3-2494-4de2-b2cb-d50a86487656&calendarId=e65c1527-c4f8-4316-b6d6-3b174041f00e","UBC"
"UBC Tennis Center","court05","2025-07-16","19:00","19:00","20:00","24","https://ubc.perfectmind.com/24063/Clients/BookMe4LandingPages/Facility?facilityId=e5432c07-c2a6-46d1-a5d7-25c58567046c&widgetId=c7c36ee3-2494-4de2-b2cb-d50a86487656&calendarId=e65c1527-c4f8-4316-b6d6-3b174041f00e","UBC"
"UBC Tennis Center","court05","2025-07-17","16:00","16:00","17:00","24","https://ubc.perfectmind.com/24063/Clients/BookMe4LandingPages/Facility?facilityId=e5432c07-c2a6-46d1-a5d7-25c58567046c&widgetId=c7c36ee3-2494-4de2-b2cb-d50a86487656&calendarId=e65c1527-c4f8-4316-b6d6-3b174041f00e","UBC"
"UBC Tennis Center","court05","2025-07-17","17:00","17:00","18:00","24","https://ubc.perfectmind.com/24063/Clients/BookMe4LandingPages/Facility?facilityId=e5432c07-c2a6-46d1-a5d7-25c58567046c&widgetId=c7c36ee3-2494-4de2-b2cb-d50a86487656&calendarId=e65c1527-c4f8-4316-b6d6-3b174041f00e","UBC"
"UBC Tennis Center","court05","2025-07-17","18:00","18:00","19:00","24","https://ubc.perfectmind.com/24063/Clients/BookMe4LandingPages/Facility?facilityId=e5432c07-c2a6-46d1-a5d7-25c58567046c&widgetId=c7c36ee3-2494-4de2-b2cb-d50a86487656&calendarId=e65c1527-c4f8-4316-b6d6-3b174041f00e","UBC"
"UBC Tennis Center","court05","2025-07-17","19:00","19:00","20:00","24","https://ubc.perfectmind.com/24063/Clients/BookMe4LandingPages/Facility?facilityId=e5432c07-c2a6-46d1-a5d7-25c58567046c&widgetId=c7c36ee3-2494-4de2-b2cb-d50a86487656&calendarId=e65c1527-c4f8-4316-b6d6-3b174041f00e","UBC"
"UBC Tennis Center","court05","2025-07-18","16:00","16:00","17:00","24","https://ubc.perfectmind.com/24063/Clients/BookMe4LandingPages/Facility?facilityId=e5432c07-c2a6-46d1-a5d7-25c58567046c&widgetId=c7c36ee3-2494-4de2-b2cb-d50a86487656&calendarId=e65c1527-c4f8-4316-b6d6-3b174041f00e","UBC"
"UBC Tennis Center","court05","2025-07-18","17:00","17:00","18:00","24","https://ubc.perfectmind.com/24063/Clients/BookMe4LandingPages/Facility?facilityId=e5432c07-c2a6-46d1-a5d7-25c58567046c&widgetId=c7c36ee3-2494-4de2-b2cb-d50a86487656&calendarId=e65c1527-c4f8-4316-b6d6-3b174041f00e","UBC"
"UBC Tennis Center","court05","2025-07-18","18:00","18:00","19:00","24","https://ubc.perfectmind.com/24063/Clients/BookMe4LandingPages/Facility?facilityId=e5432c07-c2a6-46d1-a5d7-25c58567046c&widgetId=c7c36ee3-2494-4de2-b2cb-d50a86487656&calendarId=e65c1527-c4f8-4316-b6d6-3b174041f00e","UBC"
"UBC Tennis Center","court05","2025-07-18","19:00","19:00","20:00","24","https://ubc.perfectmind.com/24063/Clients/BookMe4LandingPages/Facility?facilityId=e5432c07-c2a6-46d1-a5d7-25c58567046c&widgetId=c7c36ee3-2494-4de2-b2cb-d50a86487656&calendarId=e65c1527-c4f8-4316-b6d6-3b174041f00e","UBC"
"UBC Tennis Center","court05","2025-07-19","09:00","09:00","10:00","24","https://ubc.perfectmind.com/24063/Clients/BookMe4LandingPages/Facility?facilityId=e5432c07-c2a6-46d1-a5d7-25c58567046c&widgetId=c7c36ee3-2494-4de2-b2cb-d50a86487656&calendarId=e65c1527-c4f8-4316-b6d6-3b174041f00e","UBC"
"UBC Tennis Center","court05","2025-07-19","10:00","10:00","11:00","24","https://ubc.perfectmind.com/24063/Clients/BookMe4LandingPages/Facility?facilityId=e5432c07-c2a6-46d1-a5d7-25c58567046c&widgetId=c7c36ee3-2494-4de2-b2cb-d50a86487656&calendarId=e65c1527-c4f8-4316-b6d6-3b174041f00e","UBC"
"UBC Tennis Center","court05","2025-07-19","11:00","11:00","12:00","24","https://ubc.perfectmind.com/24063/Clients/BookMe4LandingPages/Facility?facilityId=e5432c07-c2a6-46d1-a5d7-25c58567046c&widgetId=c7c36ee3-2494-4de2-b2cb-d50a86487656&calendarId=e65c1527-c4f8-4316-b6d6-3b174041f00e","UBC"
"UBC Tennis Center","court05","2025-07-19","12:00","12:00","13:00","24","https://ubc.perfectmind.com/24063/Clients/BookMe4LandingPages/Facility?facilityId=e5432c07-c2a6-46d1-a5d7-25c58567046c&widgetId=c7c36ee3-2494-4de2-b2cb-d50a86487656&calendarId=e65c1527-c4f8-4316-b6d6-3b174041f00e","UBC"
"UBC Tennis Center","court05","2025-07-19","13:00","13:00","14:00","24","https://ubc.perfectmind.com/24063/Clients/BookMe4LandingPages/Facility?facilityId=e5432c07-c2a6-46d1-a5d7-25c58567046c&widgetId=c7c36ee3-2494-4de2-b2cb-d50a86487656&calendarId=e65c1527-c4f8-4316-b6d6-3b174041f00e","UBC"
"UBC Tennis Center","court05","2025-07-19","14:00","14:00","15:00","24","https://ubc.perfectmind.com/24063/Clients/BookMe4LandingPages/Facility?facilityId=e5432c07-c2a6-46d1-a5d7-25c58567046c&widgetId=c7c36ee3-2494-4de2-b2cb-d50a86487656&calendarId=e65c1527-c4f8-4316-b6d6-3b174041f00e","UBC"
"UBC Tennis Center","court05","2025-07-19","15:00","15:00","16:00","24","https://ubc.perfectmind.com/24063/Clients/BookMe4LandingPages/Facility?facilityId=e5432c07-c2a6-46d1-a5d7-25c58567046c&widgetId=c7c36ee3-2494-4de2-b2cb-d50a86487656&calendarId=e65c1527-c4f8-4316-b6d6-3b174041f00e","UBC"
"UBC Tennis Center","court05","2025-07-19","16:00","16:00","17:00","24","https://ubc.perfectmind.com/24063/Clients/BookMe4LandingPages/Facility?facilityId=e5432c07-c2a6-46d1-a5d7-25c58567046c&widgetId=c7c36ee3-2494-4de2-b2cb-d50a86487656&calendarId=e65c1527-c4f8-4316-b6d6-3b174041f00e","UBC"
"UBC Tennis Center","court05","2025-07-19","17:00","17:00","18:00","24","https://ubc.perfectmind.com/24063/Clients/BookMe4LandingPages/Facility?facilityId=e5432c07-c2a6-46d1-a5d7-25c58567046c&widgetId=c7c36ee3-2494-4de2-b2cb-d50a86487656&calendarId=e65c1527-c4f8-4316-b6d6-3b174041f00e","UBC"
"UBC Tennis Center","court05","2025-07-19","18:00","18:00","19:00","24","https://ubc.perfectmind.com/24063/Clients/BookMe4LandingPages/Facility?facilityId=e5432c07-c2a6-46d1-a5d7-25c58567046c&widgetId=c7c36ee3-2494-4de2-b2cb-d50a86487656&calendarId=e65c1527-c4f8-4316-b6d6-3b174041f00e","UBC"
"UBC Tennis Center","court05","2025-07-19","19:00","19:00","20:00","24","https://ubc.perfectmind.com/24063/Clients/BookMe4LandingPages/Facility?facilityId=e5432c07-c2a6-46d1-a5d7-25c58567046c&widgetId=c7c36ee3-2494-4de2-b2cb-d50a86487656&calendarId=e65c1527-c4f8-4316-b6d6-3b174041f00e","UBC"
"UBC Tennis Center","court05","2025-07-20","09:00","09:00","10:00","24","https://ubc.perfectmind.com/24063/Clients/BookMe4LandingPages/Facility?facilityId=e5432c07-c2a6-46d1-a5d7-25c58567046c&widgetId=c7c36ee3-2494-4de2-b2cb-d50a86487656&calendarId=e65c1527-c4f8-4316-b6d6-3b174041f00e","UBC"
"UBC Tennis Center","court05","2025-07-20","10:00","10:00","11:00","24","https://ubc.perfectmind.com/24063/Clients/BookMe4LandingPages/Facility?facilityId=e5432c07-c2a6-46d1-a5d7-25c58567046c&widgetId=c7c36ee3-2494-4de2-b2cb-d50a86487656&calendarId=e65c1527-c4f8-4316-b6d6-3b174041f00e","UBC"
"UBC Tennis Center","court05","2025-07-20","11:00","11:00","12:00","24","https://ubc.perfectmind.com/24063/Clients/BookMe4LandingPages/Facility?facilityId=e5432c07-c2a6-46d1-a5d7-25c58567046c&widgetId=c7c36ee3-2494-4de2-b2cb-d50a86487656&calendarId=e65c1527-c4f8-4316-b6d6-3b174041f00e","UBC"
"UBC Tennis Center","court05","2025-07-20","12:00","12:00","13:00","24","https://ubc.perfectmind.com/24063/Clients/BookMe4LandingPages/Facility?facilityId=e5432c07-c2a6-46d1-a5d7-25c58567046c&widgetId=c7c36ee3-2494-4de2-b2cb-d50a86487656&calendarId=e65c1527-c4f8-4316-b6d6-3b174041f00e","UBC"
"UBC Tennis Center","court05","2025-07-20","13:00","13:00","14:00","24","https://ubc.perfectmind.com/24063/Clients/BookMe4LandingPages/Facility?facilityId=e5432c07-c2a6-46d1-a5d7-25c58567046c&widgetId=c7c36ee3-2494-4de2-b2cb-d50a86487656&calendarId=e65c1527-c4f8-4316-b6d6-3b174041f00e","UBC"
"UBC Tennis Center","court05","2025-07-20","14:00","14:00","15:00","24","https://ubc.perfectmind.com/24063/Clients/BookMe4LandingPages/Facility?facilityId=e5432c07-c2a6-46d1-a5d7-25c58567046c&widgetId=c7c36ee3-2494-4de2-b2cb-d50a86487656&calendarId=e65c1527-c4f8-4316-b6d6-3b174041f00e","UBC"
"UBC Tennis Center","court05","2025-07-20","15:00","15:00","16:00","24","https://ubc.perfectmind.com/24063/Clients/BookMe4LandingPages/Facility?facilityId=e5432c07-c2a6-46d1-a5d7-25c58567046c&widgetId=c7c36ee3-2494-4de2-b2cb-d50a86487656&calendarId=e65c1527-c4f8-4316-b6d6-3b174041f00e","UBC"
"UBC Tennis Center","court05","2025-07-20","16:00","16:00","17:00","24","https://ubc.perfectmind.com/24063/Clients/BookMe4LandingPages/Facility?facilityId=e5432c07-c2a6-46d1-a5d7-25c58567046c&widgetId=c7c36ee3-2494-4de2-b2cb-d50a86487656&calendarId=e65c1527-c4f8-4316-b6d6-3b174041f00e","UBC"
"UBC Tennis Center","court05","2025-07-20","17:00","17:00","18:00","24","https://ubc.perfectmind.com/24063/Clients/BookMe4LandingPages/Facility?facilityId=e5432c07-c2a6-46d1-a5d7-25c58567046c&widgetId=c7c36ee3-2494-4de2-b2cb-d50a86487656&calendarId=e65c1527-c4f8-4316-b6d6-3b174041f00e","UBC"
"UBC Tennis Center","court05","2025-07-20","18:00","18:00","19:00","24","https://ubc.perfectmind.com/24063/Clients/BookMe4LandingPages/Facility?facilityId=e5432c07-c2a6-46d1-a5d7-25c58567046c&widgetId=c7c36ee3-2494-4de2-b2cb-d50a86487656&calendarId=e65c1527-c4f8-4316-b6d6-3b174041f00e","UBC"
"UBC Tennis Center","court05","2025-07-20","19:00","19:00","20:00","24","https://ubc.perfectmind.com/24063/Clients/BookMe4LandingPages/Facility?facilityId=e5432c07-c2a6-46d1-a5d7-25c58567046c&widgetId=c7c36ee3-2494-4de2-b2cb-d50a86487656&calendarId=e65c1527-c4f8-4316-b6d6-3b174041f00e","UBC"
"UBC Tennis Center","court05","2025-07-21","16:00","16:00","17:00","24","https://ubc.perfectmind.com/24063/Clients/BookMe4LandingPages/Facility?facilityId=e5432c07-c2a6-46d1-a5d7-25c58567046c&widgetId=c7c36ee3-2494-4de2-b2cb-d50a86487656&calendarId=e65c1527-c4f8-4316-b6d6-3b174041f00e","UBC"
"UBC Tennis Center","court05","2025-07-21","17:00","17:00","18:00","24","https://ubc.perfectmind.com/24063/Clients/BookMe4LandingPages/Facility?facilityId=e5432c07-c2a6-46d1-a5d7-25c58567046c&widgetId=c7c36ee3-2494-4de2-b2cb-d50a86487656&calendarId=e65c1527-c4f8-4316-b6d6-3b174041f00e","UBC"
"UBC Tennis Center","court05","2025-07-21","18:00","18:00","19:00","24","https://ubc.perfectmind.com/24063/Clients/BookMe4LandingPages/Facility?facilityId=e5432c07-c2a6-46d1-a5d7-25c58567046c&widgetId=c7c36ee3-2494-4de2-b2cb-d50a86487656&calendarId=e65c1527-c4f8-4316-b6d6-3b174041f00e","UBC"
"UBC Tennis Center","court05","2025-07-21","19:00","19:00","20:00","24","https://ubc.perfectmind.com/24063/Clients/BookMe4LandingPages/Facility?facilityId=e5432c07-c2a6-46d1-a5d7-25c58567046c&widgetId=c7c36ee3-2494-4de2-b2cb-d50a86487656&calendarId=e65c1527-c4f8-4316-b6d6-3b174041f00e","UBC"
"UBC Tennis Center","court05","2025-07-22","16:00","16:00","17:00","24","https://ubc.perfectmind.com/24063/Clients/BookMe4LandingPages/Facility?facilityId=e5432c07-c2a6-46d1-a5d7-25c58567046c&widgetId=c7c36ee3-2494-4de2-b2cb-d50a86487656&calendarId=e65c1527-c4f8-4316-b6d6-3b174041f00e","UBC"
"UBC Tennis Center","court05","2025-07-22","17:00","17:00","18:00","24","https://ubc.perfectmind.com/24063/Clients/BookMe4LandingPages/Facility?facilityId=e5432c07-c2a6-46d1-a5d7-25c58567046c&widgetId=c7c36ee3-2494-4de2-b2cb-d50a86487656&calendarId=e65c1527-c4f8-4316-b6d6-3b174041f00e","UBC"
"UBC Tennis Center","court05","2025-07-22","18:00","18:00","19:00","24","https://ubc.perfectmind.com/24063/Clients/BookMe4LandingPages/Facility?facilityId=e5432c07-c2a6-46d1-a5d7-25c58567046c&widgetId=c7c36ee3-2494-4de2-b2cb-d50a86487656&calendarId=e65c1527-c4f8-4316-b6d6-3b174041f00e","UBC"
"UBC Tennis Center","court06","2025-07-16","18:00","18:00","19:00","0","https://ubc.perfectmind.com/24063/Clients/BookMe4LandingPages/Facility?facilityId=f7000b6c-0d93-472b-97af-e0f22915439f&widgetId=c7c36ee3-2494-4de2-b2cb-d50a86487656&calendarId=e65c1527-c4f8-4316-b6d6-3b174041f00e","UBC"
"UBC Tennis Center","court06","2025-07-16","19:00","19:00","20:00","24","https://ubc.perfectmind.com/24063/Clients/BookMe4LandingPages/Facility?facilityId=f7000b6c-0d93-472b-97af-e0f22915439f&widgetId=c7c36ee3-2494-4de2-b2cb-d50a86487656&calendarId=e65c1527-c4f8-4316-b6d6-3b174041f00e","UBC"
"UBC Tennis Center","court06","2025-07-17","16:00","16:00","17:00","24","https://ubc.perfectmind.com/24063/Clients/BookMe4LandingPages/Facility?facilityId=f7000b6c-0d93-472b-97af-e0f22915439f&widgetId=c7c36ee3-2494-4de2-b2cb-d50a86487656&calendarId=e65c1527-c4f8-4316-b6d6-3b174041f00e","UBC"
"UBC Tennis Center","court06","2025-07-17","17:00","17:00","18:00","24","https://ubc.perfectmind.com/24063/Clients/BookMe4LandingPages/Facility?facilityId=f7000b6c-0d93-472b-97af-e0f22915439f&widgetId=c7c36ee3-2494-4de2-b2cb-d50a86487656&calendarId=e65c1527-c4f8-4316-b6d6-3b174041f00e","UBC"
"UBC Tennis Center","court06","2025-07-17","18:00","18:00","19:00","24","https://ubc.perfectmind.com/24063/Clients/BookMe4LandingPages/Facility?facilityId=f7000b6c-0d93-472b-97af-e0f22915439f&widgetId=c7c36ee3-2494-4de2-b2cb-d50a86487656&calendarId=e65c1527-c4f8-4316-b6d6-3b174041f00e","UBC"
"UBC Tennis Center","court06","2025-07-17","19:00","19:00","20:00","24","https://ubc.perfectmind.com/24063/Clients/BookMe4LandingPages/Facility?facilityId=f7000b6c-0d93-472b-97af-e0f22915439f&widgetId=c7c36ee3-2494-4de2-b2cb-d50a86487656&calendarId=e65c1527-c4f8-4316-b6d6-3b174041f00e","UBC"
"UBC Tennis Center","court06","2025-07-18","16:00","16:00","17:00","24","https://ubc.perfectmind.com/24063/Clients/BookMe4LandingPages/Facility?facilityId=f7000b6c-0d93-472b-97af-e0f22915439f&widgetId=c7c36ee3-2494-4de2-b2cb-d50a86487656&calendarId=e65c1527-c4f8-4316-b6d6-3b174041f00e","UBC"
"UBC Tennis Center","court06","2025-07-18","17:00","17:00","18:00","24","https://ubc.perfectmind.com/24063/Clients/BookMe4LandingPages/Facility?facilityId=f7000b6c-0d93-472b-97af-e0f22915439f&widgetId=c7c36ee3-2494-4de2-b2cb-d50a86487656&calendarId=e65c1527-c4f8-4316-b6d6-3b174041f00e","UBC"
"UBC Tennis Center","court06","2025-07-18","18:00","18:00","19:00","24","https://ubc.perfectmind.com/24063/Clients/BookMe4LandingPages/Facility?facilityId=f7000b6c-0d93-472b-97af-e0f22915439f&widgetId=c7c36ee3-2494-4de2-b2cb-d50a86487656&calendarId=e65c1527-c4f8-4316-b6d6-3b174041f00e","UBC"
"UBC Tennis Center","court06","2025-07-18","19:00","19:00","20:00","24","https://ubc.perfectmind.com/24063/Clients/BookMe4LandingPages/Facility?facilityId=f7000b6c-0d93-472b-97af-e0f22915439f&widgetId=c7c36ee3-2494-4de2-b2cb-d50a86487656&calendarId=e65c1527-c4f8-4316-b6d6-3b174041f00e","UBC"
"UBC Tennis Center","court06","2025-07-19","09:00","09:00","10:00","24","https://ubc.perfectmind.com/24063/Clients/BookMe4LandingPages/Facility?facilityId=f7000b6c-0d93-472b-97af-e0f22915439f&widgetId=c7c36ee3-2494-4de2-b2cb-d50a86487656&calendarId=e65c1527-c4f8-4316-b6d6-3b174041f00e","UBC"
"UBC Tennis Center","court06","2025-07-19","10:00","10:00","11:00","24","https://ubc.perfectmind.com/24063/Clients/BookMe4LandingPages/Facility?facilityId=f7000b6c-0d93-472b-97af-e0f22915439f&widgetId=c7c36ee3-2494-4de2-b2cb-d50a86487656&calendarId=e65c1527-c4f8-4316-b6d6-3b174041f00e","UBC"
"UBC Tennis Center","court06","2025-07-19","11:00","11:00","12:00","24","https://ubc.perfectmind.com/24063/Clients/BookMe4LandingPages/Facility?facilityId=f7000b6c-0d93-472b-97af-e0f22915439f&widgetId=c7c36ee3-2494-4de2-b2cb-d50a86487656&calendarId=e65c1527-c4f8-4316-b6d6-3b174041f00e","UBC"
"UBC Tennis Center","court06","2025-07-19","12:00","12:00","13:00","24","https://ubc.perfectmind.com/24063/Clients/BookMe4LandingPages/Facility?facilityId=f7000b6c-0d93-472b-97af-e0f22915439f&widgetId=c7c36ee3-2494-4de2-b2cb-d50a86487656&calendarId=e65c1527-c4f8-4316-b6d6-3b174041f00e","UBC"
"UBC Tennis Center","court06","2025-07-19","13:00","13:00","14:00","24","https://ubc.perfectmind.com/24063/Clients/BookMe4LandingPages/Facility?facilityId=f7000b6c-0d93-472b-97af-e0f22915439f&widgetId=c7c36ee3-2494-4de2-b2cb-d50a86487656&calendarId=e65c1527-c4f8-4316-b6d6-3b174041f00e","UBC"
"UBC Tennis Center","court06","2025-07-19","14:00","14:00","15:00","24","https://ubc.perfectmind.com/24063/Clients/BookMe4LandingPages/Facility?facilityId=f7000b6c-0d93-472b-97af-e0f22915439f&widgetId=c7c36ee3-2494-4de2-b2cb-d50a86487656&calendarId=e65c1527-c4f8-4316-b6d6-3b174041f00e","UBC"
"UBC Tennis Center","court06","2025-07-19","15:00","15:00","16:00","24","https://ubc.perfectmind.com/24063/Clients/BookMe4LandingPages/Facility?facilityId=f7000b6c-0d93-472b-97af-e0f22915439f&widgetId=c7c36ee3-2494-4de2-b2cb-d50a86487656&calendarId=e65c1527-c4f8-4316-b6d6-3b174041f00e","UBC"
"UBC Tennis Center","court06","2025-07-19","16:00","16:00","17:00","24","https://ubc.perfectmind.com/24063/Clients/BookMe4LandingPages/Facility?facilityId=f7000b6c-0d93-472b-97af-e0f22915439f&widgetId=c7c36ee3-2494-4de2-b2cb-d50a86487656&calendarId=e65c1527-c4f8-4316-b6d6-3b174041f00e","UBC"
"UBC Tennis Center","court06","2025-07-19","17:00","17:00","18:00","24","https://ubc.perfectmind.com/24063/Clients/BookMe4LandingPages/Facility?facilityId=f7000b6c-0d93-472b-97af-e0f22915439f&widgetId=c7c36ee3-2494-4de2-b2cb-d50a86487656&calendarId=e65c1527-c4f8-4316-b6d6-3b174041f00e","UBC"
"UBC Tennis Center","court06","2025-07-19","18:00","18:00","19:00","24","https://ubc.perfectmind.com/24063/Clients/BookMe4LandingPages/Facility?facilityId=f7000b6c-0d93-472b-97af-e0f22915439f&widgetId=c7c36ee3-2494-4de2-b2cb-d50a86487656&calendarId=e65c1527-c4f8-4316-b6d6-3b174041f00e","UBC"
"UBC Tennis Center","court06","2025-07-19","19:00","19:00","20:00","24","https://ubc.perfectmind.com/24063/Clients/BookMe4LandingPages/Facility?facilityId=f7000b6c-0d93-472b-97af-e0f22915439f&widgetId=c7c36ee3-2494-4de2-b2cb-d50a86487656&calendarId=e65c1527-c4f8-4316-b6d6-3b174041f00e","UBC"
"UBC Tennis Center","court06","2025-07-20","09:00","09:00","10:00","24","https://ubc.perfectmind.com/24063/Clients/BookMe4LandingPages/Facility?facilityId=f7000b6c-0d93-472b-97af-e0f22915439f&widgetId=c7c36ee3-2494-4de2-b2cb-d50a86487656&calendarId=e65c1527-c4f8-4316-b6d6-3b174041f00e","UBC"
"UBC Tennis Center","court06","2025-07-20","10:00","10:00","11:00","24","https://ubc.perfectmind.com/24063/Clients/BookMe4LandingPages/Facility?facilityId=f7000b6c-0d93-472b-97af-e0f22915439f&widgetId=c7c36ee3-2494-4de2-b2cb-d50a86487656&calendarId=e65c1527-c4f8-4316-b6d6-3b174041f00e","UBC"
"UBC Tennis Center","court06","2025-07-20","11:00","11:00","12:00","24","https://ubc.perfectmind.com/24063/Clients/BookMe4LandingPages/Facility?facilityId=f7000b6c-0d93-472b-97af-e0f22915439f&widgetId=c7c36ee3-2494-4de2-b2cb-d50a86487656&calendarId=e65c1527-c4f8-4316-b6d6-3b174041f00e","UBC"
"UBC Tennis Center","court06","2025-07-20","12:00","12:00","13:00","24","https://ubc.perfectmind.com/24063/Clients/BookMe4LandingPages/Facility?facilityId=f7000b6c-0d93-472b-97af-e0f22915439f&widgetId=c7c36ee3-2494-4de2-b2cb-d50a86487656&calendarId=e65c1527-c4f8-4316-b6d6-3b174041f00e","UBC"
"UBC Tennis Center","court06","2025-07-20","13:00","13:00","14:00","24","https://ubc.perfectmind.com/24063/Clients/BookMe4LandingPages/Facility?facilityId=f7000b6c-0d93-472b-97af-e0f22915439f&widgetId=c7c36ee3-2494-4de2-b2cb-d50a86487656&calendarId=e65c1527-c4f8-4316-b6d6-3b174041f00e","UBC"
"UBC Tennis Center","court06","2025-07-20","14:00","14:00","15:00","24","https://ubc.perfectmind.com/24063/Clients/BookMe4LandingPages/Facility?facilityId=f7000b6c-0d93-472b-97af-e0f22915439f&widgetId=c7c36ee3-2494-4de2-b2cb-d50a86487656&calendarId=e65c1527-c4f8-4316-b6d6-3b174041f00e","UBC"
"UBC Tennis Center","court06","2025-07-20","15:00","15:00","16:00","24","https://ubc.perfectmind.com/24063/Clients/BookMe4LandingPages/Facility?facilityId=f7000b6c-0d93-472b-97af-e0f22915439f&widgetId=c7c36ee3-2494-4de2-b2cb-d50a86487656&calendarId=e65c1527-c4f8-4316-b6d6-3b174041f00e","UBC"
"UBC Tennis Center","court06","2025-07-20","16:00","16:00","17:00","24","https://ubc.perfectmind.com/24063/Clients/BookMe4LandingPages/Facility?facilityId=f7000b6c-0d93-472b-97af-e0f22915439f&widgetId=c7c36ee3-2494-4de2-b2cb-d50a86487656&calendarId=e65c1527-c4f8-4316-b6d6-3b174041f00e","UBC"
"UBC Tennis Center","court06","2025-07-20","17:00","17:00","18:00","24","https://ubc.perfectmind.com/24063/Clients/BookMe4LandingPages/Facility?facilityId=f7000b6c-0d93-472b-97af-e0f22915439f&widgetId=c7c36ee3-2494-4de2-b2cb-d50a86487656&calendarId=e65c1527-c4f8-4316-b6d6-3b174041f00e","UBC"
"UBC Tennis Center","court06","2025-07-20","18:00","18:00","19:00","24","https://ubc.perfectmind.com/24063/Clients/BookMe4LandingPages/Facility?facilityId=f7000b6c-0d93-472b-97af-e0f22915439f&widgetId=c7c36ee3-2494-4de2-b2cb-d50a86487656&calendarId=e65c1527-c4f8-4316-b6d6-3b174041f00e","UBC"
"UBC Tennis Center","court06","2025-07-20","19:00","19:00","20:00","24","https://ubc.perfectmind.com/24063/Clients/BookMe4LandingPages/Facility?facilityId=f7000b6c-0d93-472b-97af-e0f22915439f&widgetId=c7c36ee3-2494-4de2-b2cb-d50a86487656&calendarId=e65c1527-c4f8-4316-b6d6-3b174041f00e","UBC"
"UBC Tennis Center","court06","2025-07-21","16:00","16:00","17:00","24","https://ubc.perfectmind.com/24063/Clients/BookMe4LandingPages/Facility?facilityId=f7000b6c-0d93-472b-97af-e0f22915439f&widgetId=c7c36ee3-2494-4de2-b2cb-d50a86487656&calendarId=e65c1527-c4f8-4316-b6d6-3b174041f00e","UBC"
"UBC Tennis Center","court06","2025-07-21","17:00","17:00","18:00","24","https://ubc.perfectmind.com/24063/Clients/BookMe4LandingPages/Facility?facilityId=f7000b6c-0d93-472b-97af-e0f22915439f&widgetId=c7c36ee3-2494-4de2-b2cb-d50a86487656&calendarId=e65c1527-c4f8-4316-b6d6-3b174041f00e","UBC"
"UBC Tennis Center","court06","2025-07-21","18:00","18:00","19:00","24","https://ubc.perfectmind.com/24063/Clients/BookMe4LandingPages/Facility?facilityId=f7000b6c-0d93-472b-97af-e0f22915439f&widgetId=c7c36ee3-2494-4de2-b2cb-d50a86487656&calendarId=e65c1527-c4f8-4316-b6d6-3b174041f00e","UBC"
"UBC Tennis Center","court06","2025-07-21","19:00","19:00","20:00","24","https://ubc.perfectmind.com/24063/Clients/BookMe4LandingPages/Facility?facilityId=f7000b6c-0d93-472b-97af-e0f22915439f&widgetId=c7c36ee3-2494-4de2-b2cb-d50a86487656&calendarId=e65c1527-c4f8-4316-b6d6-3b174041f00e","UBC"
"UBC Tennis Center","court06","2025-07-22","16:00","16:00","17:00","24","https://ubc.perfectmind.com/24063/Clients/BookMe4LandingPages/Facility?facilityId=f7000b6c-0d93-472b-97af-e0f22915439f&widgetId=c7c36ee3-2494-4de2-b2cb-d50a86487656&calendarId=e65c1527-c4f8-4316-b6d6-3b174041f00e","UBC"
"UBC Tennis Center","court06","2025-07-22","17:00","17:00","18:00","24","https://ubc.perfectmind.com/24063/Clients/BookMe4LandingPages/Facility?facilityId=f7000b6c-0d93-472b-97af-e0f22915439f&widgetId=c7c36ee3-2494-4de2-b2cb-d50a86487656&calendarId=e65c1527-c4f8-4316-b6d6-3b174041f00e","UBC"
"UBC Tennis Center","court06","2025-07-22","18:00","18:00","19:00","24","https://ubc.perfectmind.com/24063/Clients/BookMe4LandingPages/Facility?facilityId=f7000b6c-0d93-472b-97af-e0f22915439f&widgetId=c7c36ee3-2494-4de2-b2cb-d50a86487656&calendarId=e65c1527-c4f8-4316-b6d6-3b174041f00e","UBC"
"UBC Tennis Center","court07","2025-07-16","16:00","16:00","17:00","0","https://ubc.perfectmind.com/24063/Clients/BookMe4LandingPages/Facility?facilityId=5dac0879-1fbb-4dfe-ac67-5dcaa925d2f5&widgetId=c7c36ee3-2494-4de2-b2cb-d50a86487656&calendarId=e65c1527-c4f8-4316-b6d6-3b174041f00e","UBC"
"UBC Tennis Center","court07","2025-07-16","19:00","19:00","20:00","24","https://ubc.perfectmind.com/24063/Clients/BookMe4LandingPages/Facility?facilityId=5dac0879-1fbb-4dfe-ac67-5dcaa925d2f5&widgetId=c7c36ee3-2494-4de2-b2cb-d50a86487656&calendarId=e65c1527-c4f8-4316-b6d6-3b174041f00e","UBC"
"UBC Tennis Center","court07","2025-07-17","16:00","16:00","17:00","24","https://ubc.perfectmind.com/24063/Clients/BookMe4LandingPages/Facility?facilityId=5dac0879-1fbb-4dfe-ac67-5dcaa925d2f5&widgetId=c7c36ee3-2494-4de2-b2cb-d50a86487656&calendarId=e65c1527-c4f8-4316-b6d6-3b174041f00e","UBC"
"UBC Tennis Center","court07","2025-07-17","17:00","17:00","18:00","24","https://ubc.perfectmind.com/24063/Clients/BookMe4LandingPages/Facility?facilityId=5dac0879-1fbb-4dfe-ac67-5dcaa925d2f5&widgetId=c7c36ee3-2494-4de2-b2cb-d50a86487656&calendarId=e65c1527-c4f8-4316-b6d6-3b174041f00e","UBC"
"UBC Tennis Center","court07","2025-07-17","18:00","18:00","19:00","24","https://ubc.perfectmind.com/24063/Clients/BookMe4LandingPages/Facility?facilityId=5dac0879-1fbb-4dfe-ac67-5dcaa925d2f5&widgetId=c7c36ee3-2494-4de2-b2cb-d50a86487656&calendarId=e65c1527-c4f8-4316-b6d6-3b174041f00e","UBC"
"UBC Tennis Center","court07","2025-07-17","19:00","19:00","20:00","24","https://ubc.perfectmind.com/24063/Clients/BookMe4LandingPages/Facility?facilityId=5dac0879-1fbb-4dfe-ac67-5dcaa925d2f5&widgetId=c7c36ee3-2494-4de2-b2cb-d50a86487656&calendarId=e65c1527-c4f8-4316-b6d6-3b174041f00e","UBC"
"UBC Tennis Center","court07","2025-07-18","16:00","16:00","17:00","24","https://ubc.perfectmind.com/24063/Clients/BookMe4LandingPages/Facility?facilityId=5dac0879-1fbb-4dfe-ac67-5dcaa925d2f5&widgetId=c7c36ee3-2494-4de2-b2cb-d50a86487656&calendarId=e65c1527-c4f8-4316-b6d6-3b174041f00e","UBC"
"UBC Tennis Center","court07","2025-07-18","17:00","17:00","18:00","24","https://ubc.perfectmind.com/24063/Clients/BookMe4LandingPages/Facility?facilityId=5dac0879-1fbb-4dfe-ac67-5dcaa925d2f5&widgetId=c7c36ee3-2494-4de2-b2cb-d50a86487656&calendarId=e65c1527-c4f8-4316-b6d6-3b174041f00e","UBC"
"UBC Tennis Center","court07","2025-07-18","18:00","18:00","19:00","24","https://ubc.perfectmind.com/24063/Clients/BookMe4LandingPages/Facility?facilityId=5dac0879-1fbb-4dfe-ac67-5dcaa925d2f5&widgetId=c7c36ee3-2494-4de2-b2cb-d50a86487656&calendarId=e65c1527-c4f8-4316-b6d6-3b174041f00e","UBC"
"UBC Tennis Center","court07","2025-07-18","19:00","19:00","20:00","24","https://ubc.perfectmind.com/24063/Clients/BookMe4LandingPages/Facility?facilityId=5dac0879-1fbb-4dfe-ac67-5dcaa925d2f5&widgetId=c7c36ee3-2494-4de2-b2cb-d50a86487656&calendarId=e65c1527-c4f8-4316-b6d6-3b174041f00e","UBC"
"UBC Tennis Center","court07","2025-07-19","09:00","09:00","10:00","24","https://ubc.perfectmind.com/24063/Clients/BookMe4LandingPages/Facility?facilityId=5dac0879-1fbb-4dfe-ac67-5dcaa925d2f5&widgetId=c7c36ee3-2494-4de2-b2cb-d50a86487656&calendarId=e65c1527-c4f8-4316-b6d6-3b174041f00e","UBC"
"UBC Tennis Center","court07","2025-07-19","10:00","10:00","11:00","24","https://ubc.perfectmind.com/24063/Clients/BookMe4LandingPages/Facility?facilityId=5dac0879-1fbb-4dfe-ac67-5dcaa925d2f5&widgetId=c7c36ee3-2494-4de2-b2cb-d50a86487656&calendarId=e65c1527-c4f8-4316-b6d6-3b174041f00e","UBC"
"UBC Tennis Center","court07","2025-07-19","11:00","11:00","12:00","24","https://ubc.perfectmind.com/24063/Clients/BookMe4LandingPages/Facility?facilityId=5dac0879-1fbb-4dfe-ac67-5dcaa925d2f5&widgetId=c7c36ee3-2494-4de2-b2cb-d50a86487656&calendarId=e65c1527-c4f8-4316-b6d6-3b174041f00e","UBC"
"UBC Tennis Center","court07","2025-07-19","12:00","12:00","13:00","24","https://ubc.perfectmind.com/24063/Clients/BookMe4LandingPages/Facility?facilityId=5dac0879-1fbb-4dfe-ac67-5dcaa925d2f5&widgetId=c7c36ee3-2494-4de2-b2cb-d50a86487656&calendarId=e65c1527-c4f8-4316-b6d6-3b174041f00e","UBC"
"UBC Tennis Center","court07","2025-07-19","13:00","13:00","14:00","24","https://ubc.perfectmind.com/24063/Clients/BookMe4LandingPages/Facility?facilityId=5dac0879-1fbb-4dfe-ac67-5dcaa925d2f5&widgetId=c7c36ee3-2494-4de2-b2cb-d50a86487656&calendarId=e65c1527-c4f8-4316-b6d6-3b174041f00e","UBC"
"UBC Tennis Center","court07","2025-07-19","14:00","14:00","15:00","24","https://ubc.perfectmind.com/24063/Clients/BookMe4LandingPages/Facility?facilityId=5dac0879-1fbb-4dfe-ac67-5dcaa925d2f5&widgetId=c7c36ee3-2494-4de2-b2cb-d50a86487656&calendarId=e65c1527-c4f8-4316-b6d6-3b174041f00e","UBC"
"UBC Tennis Center","court07","2025-07-19","15:00","15:00","16:00","24","https://ubc.perfectmind.com/24063/Clients/BookMe4LandingPages/Facility?facilityId=5dac0879-1fbb-4dfe-ac67-5dcaa925d2f5&widgetId=c7c36ee3-2494-4de2-b2cb-d50a86487656&calendarId=e65c1527-c4f8-4316-b6d6-3b174041f00e","UBC"
"UBC Tennis Center","court07","2025-07-19","16:00","16:00","17:00","24","https://ubc.perfectmind.com/24063/Clients/BookMe4LandingPages/Facility?facilityId=5dac0879-1fbb-4dfe-ac67-5dcaa925d2f5&widgetId=c7c36ee3-2494-4de2-b2cb-d50a86487656&calendarId=e65c1527-c4f8-4316-b6d6-3b174041f00e","UBC"
"UBC Tennis Center","court07","2025-07-19","17:00","17:00","18:00","24","https://ubc.perfectmind.com/24063/Clients/BookMe4LandingPages/Facility?facilityId=5dac0879-1fbb-4dfe-ac67-5dcaa925d2f5&widgetId=c7c36ee3-2494-4de2-b2cb-d50a86487656&calendarId=e65c1527-c4f8-4316-b6d6-3b174041f00e","UBC"
"UBC Tennis Center","court07","2025-07-19","18:00","18:00","19:00","24","https://ubc.perfectmind.com/24063/Clients/BookMe4LandingPages/Facility?facilityId=5dac0879-1fbb-4dfe-ac67-5dcaa925d2f5&widgetId=c7c36ee3-2494-4de2-b2cb-d50a86487656&calendarId=e65c1527-c4f8-4316-b6d6-3b174041f00e","UBC"
"UBC Tennis Center","court07","2025-07-19","19:00","19:00","20:00","24","https://ubc.perfectmind.com/24063/Clients/BookMe4LandingPages/Facility?facilityId=5dac0879-1fbb-4dfe-ac67-5dcaa925d2f5&widgetId=c7c36ee3-2494-4de2-b2cb-d50a86487656&calendarId=e65c1527-c4f8-4316-b6d6-3b174041f00e","UBC"
"UBC Tennis Center","court07","2025-07-20","09:00","09:00","10:00","24","https://ubc.perfectmind.com/24063/Clients/BookMe4LandingPages/Facility?facilityId=5dac0879-1fbb-4dfe-ac67-5dcaa925d2f5&widgetId=c7c36ee3-2494-4de2-b2cb-d50a86487656&calendarId=e65c1527-c4f8-4316-b6d6-3b174041f00e","UBC"
"UBC Tennis Center","court07","2025-07-20","10:00","10:00","11:00","24","https://ubc.perfectmind.com/24063/Clients/BookMe4LandingPages/Facility?facilityId=5dac0879-1fbb-4dfe-ac67-5dcaa925d2f5&widgetId=c7c36ee3-2494-4de2-b2cb-d50a86487656&calendarId=e65c1527-c4f8-4316-b6d6-3b174041f00e","UBC"
"UBC Tennis Center","court07","2025-07-20","11:00","11:00","12:00","24","https://ubc.perfectmind.com/24063/Clients/BookMe4LandingPages/Facility?facilityId=5dac0879-1fbb-4dfe-ac67-5dcaa925d2f5&widgetId=c7c36ee3-2494-4de2-b2cb-d50a86487656&calendarId=e65c1527-c4f8-4316-b6d6-3b174041f00e","UBC"
"UBC Tennis Center","court07","2025-07-20","12:00","12:00","13:00","24","https://ubc.perfectmind.com/24063/Clients/BookMe4LandingPages/Facility?facilityId=5dac0879-1fbb-4dfe-ac67-5dcaa925d2f5&widgetId=c7c36ee3-2494-4de2-b2cb-d50a86487656&calendarId=e65c1527-c4f8-4316-b6d6-3b174041f00e","UBC"
"UBC Tennis Center","court07","2025-07-20","13:00","13:00","14:00","24","https://ubc.perfectmind.com/24063/Clients/BookMe4LandingPages/Facility?facilityId=5dac0879-1fbb-4dfe-ac67-5dcaa925d2f5&widgetId=c7c36ee3-2494-4de2-b2cb-d50a86487656&calendarId=e65c1527-c4f8-4316-b6d6-3b174041f00e","UBC"
"UBC Tennis Center","court07","2025-07-20","14:00","14:00","15:00","24","https://ubc.perfectmind.com/24063/Clients/BookMe4LandingPages/Facility?facilityId=5dac0879-1fbb-4dfe-ac67-5dcaa925d2f5&widgetId=c7c36ee3-2494-4de2-b2cb-d50a86487656&calendarId=e65c1527-c4f8-4316-b6d6-3b174041f00e","UBC"
"UBC Tennis Center","court07","2025-07-20","15:00","15:00","16:00","24","https://ubc.perfectmind.com/24063/Clients/BookMe4LandingPages/Facility?facilityId=5dac0879-1fbb-4dfe-ac67-5dcaa925d2f5&widgetId=c7c36ee3-2494-4de2-b2cb-d50a86487656&calendarId=e65c1527-c4f8-4316-b6d6-3b174041f00e","UBC"
"UBC Tennis Center","court07","2025-07-20","16:00","16:00","17:00","24","https://ubc.perfectmind.com/24063/Clients/BookMe4LandingPages/Facility?facilityId=5dac0879-1fbb-4dfe-ac67-5dcaa925d2f5&widgetId=c7c36ee3-2494-4de2-b2cb-d50a86487656&calendarId=e65c1527-c4f8-4316-b6d6-3b174041f00e","UBC"
"UBC Tennis Center","court07","2025-07-20","17:00","17:00","18:00","24","https://ubc.perfectmind.com/24063/Clients/BookMe4LandingPages/Facility?facilityId=5dac0879-1fbb-4dfe-ac67-5dcaa925d2f5&widgetId=c7c36ee3-2494-4de2-b2cb-d50a86487656&calendarId=e65c1527-c4f8-4316-b6d6-3b174041f00e","UBC"
"UBC Tennis Center","court07","2025-07-20","18:00","18:00","19:00","24","https://ubc.perfectmind.com/24063/Clients/BookMe4LandingPages/Facility?facilityId=5dac0879-1fbb-4dfe-ac67-5dcaa925d2f5&widgetId=c7c36ee3-2494-4de2-b2cb-d50a86487656&calendarId=e65c1527-c4f8-4316-b6d6-3b174041f00e","UBC"
"UBC Tennis Center","court07","2025-07-20","19:00","19:00","20:00","24","https://ubc.perfectmind.com/24063/Clients/BookMe4LandingPages/Facility?facilityId=5dac0879-1fbb-4dfe-ac67-5dcaa925d2f5&widgetId=c7c36ee3-2494-4de2-b2cb-d50a86487656&calendarId=e65c1527-c4f8-4316-b6d6-3b174041f00e","UBC"
"UBC Tennis Center","court07","2025-07-21","16:00","16:00","17:00","24","https://ubc.perfectmind.com/24063/Clients/BookMe4LandingPages/Facility?facilityId=5dac0879-1fbb-4dfe-ac67-5dcaa925d2f5&widgetId=c7c36ee3-2494-4de2-b2cb-d50a86487656&calendarId=e65c1527-c4f8-4316-b6d6-3b174041f00e","UBC"
"UBC Tennis Center","court07","2025-07-21","17:00","17:00","18:00","24","https://ubc.perfectmind.com/24063/Clients/BookMe4LandingPages/Facility?facilityId=5dac0879-1fbb-4dfe-ac67-5dcaa925d2f5&widgetId=c7c36ee3-2494-4de2-b2cb-d50a86487656&calendarId=e65c1527-c4f8-4316-b6d6-3b174041f00e","UBC"
"UBC Tennis Center","court07","2025-07-21","18:00","18:00","19:00","24","https://ubc.perfectmind.com/24063/Clients/BookMe4LandingPages/Facility?facilityId=5dac0879-1fbb-4dfe-ac67-5dcaa925d2f5&widgetId=c7c36ee3-2494-4de2-b2cb-d50a86487656&calendarId=e65c1527-c4f8-4316-b6d6-3b174041f00e","UBC"
"UBC Tennis Center","court07","2025-07-21","19:00","19:00","20:00","24","https://ubc.perfectmind.com/24063/Clients/BookMe4LandingPages/Facility?facilityId=5dac0879-1fbb-4dfe-ac67-5dcaa925d2f5&widgetId=c7c36ee3-2494-4de2-b2cb-d50a86487656&calendarId=e65c1527-c4f8-4316-b6d6-3b174041f00e","UBC"
"UBC Tennis Center","court07","2025-07-22","16:00","16:00","17:00","24","https://ubc.perfectmind.com/24063/Clients/BookMe4LandingPages/Facility?facilityId=5dac0879-1fbb-4dfe-ac67-5dcaa925d2f5&widgetId=c7c36ee3-2494-4de2-b2cb-d50a86487656&calendarId=e65c1527-c4f8-4316-b6d6-3b174041f00e","UBC"
"UBC Tennis Center","court07","2025-07-22","17:00","17:00","18:00","24","https://ubc.perfectmind.com/24063/Clients/BookMe4LandingPages/Facility?facilityId=5dac0879-1fbb-4dfe-ac67-5dcaa925d2f5&widgetId=c7c36ee3-2494-4de2-b2cb-d50a86487656&calendarId=e65c1527-c4f8-4316-b6d6-3b174041f00e","UBC"
"UBC Tennis Center","court07","2025-07-22","18:00","18:00","19:00","24","https://ubc.perfectmind.com/24063/Clients/BookMe4LandingPages/Facility?facilityId=5dac0879-1fbb-4dfe-ac67-5dcaa925d2f5&widgetId=c7c36ee3-2494-4de2-b2cb-d50a86487656&calendarId=e65c1527-c4f8-4316-b6d6-3b174041f00e","UBC"
"UBC Tennis Center","court08","2025-07-16","16:00","16:00","17:00","0","https://ubc.perfectmind.com/24063/Clients/BookMe4LandingPages/Facility?facilityId=ccbf3aa0-f263-44eb-b394-a603115f587a&widgetId=c7c36ee3-2494-4de2-b2cb-d50a86487656&calendarId=e65c1527-c4f8-4316-b6d6-3b174041f00e","UBC"
"UBC Tennis Center","court08","2025-07-16","18:00","18:00","19:00","0","https://ubc.perfectmind.com/24063/Clients/BookMe4LandingPages/Facility?facilityId=ccbf3aa0-f263-44eb-b394-a603115f587a&widgetId=c7c36ee3-2494-4de2-b2cb-d50a86487656&calendarId=e65c1527-c4f8-4316-b6d6-3b174041f00e","UBC"
"UBC Tennis Center","court08","2025-07-16","19:00","19:00","20:00","24","https://ubc.perfectmind.com/24063/Clients/BookMe4LandingPages/Facility?facilityId=ccbf3aa0-f263-44eb-b394-a603115f587a&widgetId=c7c36ee3-2494-4de2-b2cb-d50a86487656&calendarId=e65c1527-c4f8-4316-b6d6-3b174041f00e","UBC"
"UBC Tennis Center","court08","2025-07-17","16:00","16:00","17:00","24","https://ubc.perfectmind.com/24063/Clients/BookMe4LandingPages/Facility?facilityId=ccbf3aa0-f263-44eb-b394-a603115f587a&widgetId=c7c36ee3-2494-4de2-b2cb-d50a86487656&calendarId=e65c1527-c4f8-4316-b6d6-3b174041f00e","UBC"
"UBC Tennis Center","court08","2025-07-17","17:00","17:00","18:00","24","https://ubc.perfectmind.com/24063/Clients/BookMe4LandingPages/Facility?facilityId=ccbf3aa0-f263-44eb-b394-a603115f587a&widgetId=c7c36ee3-2494-4de2-b2cb-d50a86487656&calendarId=e65c1527-c4f8-4316-b6d6-3b174041f00e","UBC"
"UBC Tennis Center","court08","2025-07-17","18:00","18:00","19:00","24","https://ubc.perfectmind.com/24063/Clients/BookMe4LandingPages/Facility?facilityId=ccbf3aa0-f263-44eb-b394-a603115f587a&widgetId=c7c36ee3-2494-4de2-b2cb-d50a86487656&calendarId=e65c1527-c4f8-4316-b6d6-3b174041f00e","UBC"
"UBC Tennis Center","court08","2025-07-17","19:00","19:00","20:00","24","https://ubc.perfectmind.com/24063/Clients/BookMe4LandingPages/Facility?facilityId=ccbf3aa0-f263-44eb-b394-a603115f587a&widgetId=c7c36ee3-2494-4de2-b2cb-d50a86487656&calendarId=e65c1527-c4f8-4316-b6d6-3b174041f00e","UBC"
"UBC Tennis Center","court08","2025-07-18","16:00","16:00","17:00","24","https://ubc.perfectmind.com/24063/Clients/BookMe4LandingPages/Facility?facilityId=ccbf3aa0-f263-44eb-b394-a603115f587a&widgetId=c7c36ee3-2494-4de2-b2cb-d50a86487656&calendarId=e65c1527-c4f8-4316-b6d6-3b174041f00e","UBC"
"UBC Tennis Center","court08","2025-07-18","17:00","17:00","18:00","24","https://ubc.perfectmind.com/24063/Clients/BookMe4LandingPages/Facility?facilityId=ccbf3aa0-f263-44eb-b394-a603115f587a&widgetId=c7c36ee3-2494-4de2-b2cb-d50a86487656&calendarId=e65c1527-c4f8-4316-b6d6-3b174041f00e","UBC"
"UBC Tennis Center","court08","2025-07-18","18:00","18:00","19:00","24","https://ubc.perfectmind.com/24063/Clients/BookMe4LandingPages/Facility?facilityId=ccbf3aa0-f263-44eb-b394-a603115f587a&widgetId=c7c36ee3-2494-4de2-b2cb-d50a86487656&calendarId=e65c1527-c4f8-4316-b6d6-3b174041f00e","UBC"
"UBC Tennis Center","court08","2025-07-18","19:00","19:00","20:00","24","https://ubc.perfectmind.com/24063/Clients/BookMe4LandingPages/Facility?facilityId=ccbf3aa0-f263-44eb-b394-a603115f587a&widgetId=c7c36ee3-2494-4de2-b2cb-d50a86487656&calendarId=e65c1527-c4f8-4316-b6d6-3b174041f00e","UBC"
"UBC Tennis Center","court08","2025-07-19","09:00","09:00","10:00","24","https://ubc.perfectmind.com/24063/Clients/BookMe4LandingPages/Facility?facilityId=ccbf3aa0-f263-44eb-b394-a603115f587a&widgetId=c7c36ee3-2494-4de2-b2cb-d50a86487656&calendarId=e65c1527-c4f8-4316-b6d6-3b174041f00e","UBC"
"UBC Tennis Center","court08","2025-07-19","10:00","10:00","11:00","24","https://ubc.perfectmind.com/24063/Clients/BookMe4LandingPages/Facility?facilityId=ccbf3aa0-f263-44eb-b394-a603115f587a&widgetId=c7c36ee3-2494-4de2-b2cb-d50a86487656&calendarId=e65c1527-c4f8-4316-b6d6-3b174041f00e","UBC"
"UBC Tennis Center","court08","2025-07-19","11:00","11:00","12:00","24","https://ubc.perfectmind.com/24063/Clients/BookMe4LandingPages/Facility?facilityId=ccbf3aa0-f263-44eb-b394-a603115f587a&widgetId=c7c36ee3-2494-4de2-b2cb-d50a86487656&calendarId=e65c1527-c4f8-4316-b6d6-3b174041f00e","UBC"
"UBC Tennis Center","court08","2025-07-19","12:00","12:00","13:00","24","https://ubc.perfectmind.com/24063/Clients/BookMe4LandingPages/Facility?facilityId=ccbf3aa0-f263-44eb-b394-a603115f587a&widgetId=c7c36ee3-2494-4de2-b2cb-d50a86487656&calendarId=e65c1527-c4f8-4316-b6d6-3b174041f00e","UBC"
"UBC Tennis Center","court08","2025-07-19","13:00","13:00","14:00","24","https://ubc.perfectmind.com/24063/Clients/BookMe4LandingPages/Facility?facilityId=ccbf3aa0-f263-44eb-b394-a603115f587a&widgetId=c7c36ee3-2494-4de2-b2cb-d50a86487656&calendarId=e65c1527-c4f8-4316-b6d6-3b174041f00e","UBC"
"UBC Tennis Center","court08","2025-07-19","14:00","14:00","15:00","24","https://ubc.perfectmind.com/24063/Clients/BookMe4LandingPages/Facility?facilityId=ccbf3aa0-f263-44eb-b394-a603115f587a&widgetId=c7c36ee3-2494-4de2-b2cb-d50a86487656&calendarId=e65c1527-c4f8-4316-b6d6-3b174041f00e","UBC"
"UBC Tennis Center","court08","2025-07-19","15:00","15:00","16:00","24","https://ubc.perfectmind.com/24063/Clients/BookMe4LandingPages/Facility?facilityId=ccbf3aa0-f263-44eb-b394-a603115f587a&widgetId=c7c36ee3-2494-4de2-b2cb-d50a86487656&calendarId=e65c1527-c4f8-4316-b6d6-3b174041f00e","UBC"
"UBC Tennis Center","court08","2025-07-19","16:00","16:00","17:00","24","https://ubc.perfectmind.com/24063/Clients/BookMe4LandingPages/Facility?facilityId=ccbf3aa0-f263-44eb-b394-a603115f587a&widgetId=c7c36ee3-2494-4de2-b2cb-d50a86487656&calendarId=e65c1527-c4f8-4316-b6d6-3b174041f00e","UBC"
"UBC Tennis Center","court08","2025-07-19","17:00","17:00","18:00","24","https://ubc.perfectmind.com/24063/Clients/BookMe4LandingPages/Facility?facilityId=ccbf3aa0-f263-44eb-b394-a603115f587a&widgetId=c7c36ee3-2494-4de2-b2cb-d50a86487656&calendarId=e65c1527-c4f8-4316-b6d6-3b174041f00e","UBC"
"UBC Tennis Center","court08","2025-07-19","18:00","18:00","19:00","24","https://ubc.perfectmind.com/24063/Clients/BookMe4LandingPages/Facility?facilityId=ccbf3aa0-f263-44eb-b394-a603115f587a&widgetId=c7c36ee3-2494-4de2-b2cb-d50a86487656&calendarId=e65c1527-c4f8-4316-b6d6-3b174041f00e","UBC"
"UBC Tennis Center","court08","2025-07-19","19:00","19:00","20:00","24","https://ubc.perfectmind.com/24063/Clients/BookMe4LandingPages/Facility?facilityId=ccbf3aa0-f263-44eb-b394-a603115f587a&widgetId=c7c36ee3-2494-4de2-b2cb-d50a86487656&calendarId=e65c1527-c4f8-4316-b6d6-3b174041f00e","UBC"
"UBC Tennis Center","court08","2025-07-20","09:00","09:00","10:00","24","https://ubc.perfectmind.com/24063/Clients/BookMe4LandingPages/Facility?facilityId=ccbf3aa0-f263-44eb-b394-a603115f587a&widgetId=c7c36ee3-2494-4de2-b2cb-d50a86487656&calendarId=e65c1527-c4f8-4316-b6d6-3b174041f00e","UBC"
"UBC Tennis Center","court08","2025-07-20","10:00","10:00","11:00","24","https://ubc.perfectmind.com/24063/Clients/BookMe4LandingPages/Facility?facilityId=ccbf3aa0-f263-44eb-b394-a603115f587a&widgetId=c7c36ee3-2494-4de2-b2cb-d50a86487656&calendarId=e65c1527-c4f8-4316-b6d6-3b174041f00e","UBC"
"UBC Tennis Center","court08","2025-07-20","11:00","11:00","12:00","24","https://ubc.perfectmind.com/24063/Clients/BookMe4LandingPages/Facility?facilityId=ccbf3aa0-f263-44eb-b394-a603115f587a&widgetId=c7c36ee3-2494-4de2-b2cb-d50a86487656&calendarId=e65c1527-c4f8-4316-b6d6-3b174041f00e","UBC"
"UBC Tennis Center","court08","2025-07-20","12:00","12:00","13:00","24","https://ubc.perfectmind.com/24063/Clients/BookMe4LandingPages/Facility?facilityId=ccbf3aa0-f263-44eb-b394-a603115f587a&widgetId=c7c36ee3-2494-4de2-b2cb-d50a86487656&calendarId=e65c1527-c4f8-4316-b6d6-3b174041f00e","UBC"
"UBC Tennis Center","court08","2025-07-20","13:00","13:00","14:00","24","https://ubc.perfectmind.com/24063/Clients/BookMe4LandingPages/Facility?facilityId=ccbf3aa0-f263-44eb-b394-a603115f587a&widgetId=c7c36ee3-2494-4de2-b2cb-d50a86487656&calendarId=e65c1527-c4f8-4316-b6d6-3b174041f00e","UBC"
"UBC Tennis Center","court08","2025-07-20","14:00","14:00","15:00","24","https://ubc.perfectmind.com/24063/Clients/BookMe4LandingPages/Facility?facilityId=ccbf3aa0-f263-44eb-b394-a603115f587a&widgetId=c7c36ee3-2494-4de2-b2cb-d50a86487656&calendarId=e65c1527-c4f8-4316-b6d6-3b174041f00e","UBC"
"UBC Tennis Center","court08","2025-07-20","15:00","15:00","16:00","24","https://ubc.perfectmind.com/24063/Clients/BookMe4LandingPages/Facility?facilityId=ccbf3aa0-f263-44eb-b394-a603115f587a&widgetId=c7c36ee3-2494-4de2-b2cb-d50a86487656&calendarId=e65c1527-c4f8-4316-b6d6-3b174041f00e","UBC"
"UBC Tennis Center","court08","2025-07-20","16:00","16:00","17:00","24","https://ubc.perfectmind.com/24063/Clients/BookMe4LandingPages/Facility?facilityId=ccbf3aa0-f263-44eb-b394-a603115f587a&widgetId=c7c36ee3-2494-4de2-b2cb-d50a86487656&calendarId=e65c1527-c4f8-4316-b6d6-3b174041f00e","UBC"
"UBC Tennis Center","court08","2025-07-20","17:00","17:00","18:00","24","https://ubc.perfectmind.com/24063/Clients/BookMe4LandingPages/Facility?facilityId=ccbf3aa0-f263-44eb-b394-a603115f587a&widgetId=c7c36ee3-2494-4de2-b2cb-d50a86487656&calendarId=e65c1527-c4f8-4316-b6d6-3b174041f00e","UBC"
"UBC Tennis Center","court08","2025-07-20","18:00","18:00","19:00","24","https://ubc.perfectmind.com/24063/Clients/BookMe4LandingPages/Facility?facilityId=ccbf3aa0-f263-44eb-b394-a603115f587a&widgetId=c7c36ee3-2494-4de2-b2cb-d50a86487656&calendarId=e65c1527-c4f8-4316-b6d6-3b174041f00e","UBC"
"UBC Tennis Center","court08","2025-07-20","19:00","19:00","20:00","24","https://ubc.perfectmind.com/24063/Clients/BookMe4LandingPages/Facility?facilityId=ccbf3aa0-f263-44eb-b394-a603115f587a&widgetId=c7c36ee3-2494-4de2-b2cb-d50a86487656&calendarId=e65c1527-c4f8-4316-b6d6-3b174041f00e","UBC"
"UBC Tennis Center","court08","2025-07-21","16:00","16:00","17:00","24","https://ubc.perfectmind.com/24063/Clients/BookMe4LandingPages/Facility?facilityId=ccbf3aa0-f263-44eb-b394-a603115f587a&widgetId=c7c36ee3-2494-4de2-b2cb-d50a86487656&calendarId=e65c1527-c4f8-4316-b6d6-3b174041f00e","UBC"
"UBC Tennis Center","court08","2025-07-21","17:00","17:00","18:00","24","https://ubc.perfectmind.com/24063/Clients/BookMe4LandingPages/Facility?facilityId=ccbf3aa0-f263-44eb-b394-a603115f587a&widgetId=c7c36ee3-2494-4de2-b2cb-d50a86487656&calendarId=e65c1527-c4f8-4316-b6d6-3b174041f00e","UBC"
"UBC Tennis Center","court08","2025-07-21","18:00","18:00","19:00","24","https://ubc.perfectmind.com/24063/Clients/BookMe4LandingPages/Facility?facilityId=ccbf3aa0-f263-44eb-b394-a603115f587a&widgetId=c7c36ee3-2494-4de2-b2cb-d50a86487656&calendarId=e65c1527-c4f8-4316-b6d6-3b174041f00e","UBC"
"UBC Tennis Center","court08","2025-07-21","19:00","19:00","20:00","24","https://ubc.perfectmind.com/24063/Clients/BookMe4LandingPages/Facility?facilityId=ccbf3aa0-f263-44eb-b394-a603115f587a&widgetId=c7c36ee3-2494-4de2-b2cb-d50a86487656&calendarId=e65c1527-c4f8-4316-b6d6-3b174041f00e","UBC"
"UBC Tennis Center","court08","2025-07-22","16:00","16:00","17:00","24","https://ubc.perfectmind.com/24063/Clients/BookMe4LandingPages/Facility?facilityId=ccbf3aa0-f263-44eb-b394-a603115f587a&widgetId=c7c36ee3-2494-4de2-b2cb-d50a86487656&calendarId=e65c1527-c4f8-4316-b6d6-3b174041f00e","UBC"
"UBC Tennis Center","court08","2025-07-22","17:00","17:00","18:00","24","https://ubc.perfectmind.com/24063/Clients/BookMe4LandingPages/Facility?facilityId=ccbf3aa0-f263-44eb-b394-a603115f587a&widgetId=c7c36ee3-2494-4de2-b2cb-d50a86487656&calendarId=e65c1527-c4f8-4316-b6d6-3b174041f00e","UBC"
"UBC Tennis Center","court08","2025-07-22","18:00","18:00","19:00","24","https://ubc.perfectmind.com/24063/Clients/BookMe4LandingPages/Facility?facilityId=ccbf3aa0-f263-44eb-b394-a603115f587a&widgetId=c7c36ee3-2494-4de2-b2cb-d50a86487656&calendarId=e65c1527-c4f8-4316-b6d6-3b174041f00e","UBC"
"UBC Tennis Center","court09","2025-07-16","12:00","12:00","13:00","0","https://ubc.perfectmind.com/24063/Clients/BookMe4LandingPages/Facility?facilityId=9f475d76-dbc1-463e-9097-210f31681e2f&widgetId=c7c36ee3-2494-4de2-b2cb-d50a86487656&calendarId=e65c1527-c4f8-4316-b6d6-3b174041f00e","UBC"
"UBC Tennis Center","court09","2025-07-16","13:00","13:00","14:00","0","https://ubc.perfectmind.com/24063/Clients/BookMe4LandingPages/Facility?facilityId=9f475d76-dbc1-463e-9097-210f31681e2f&widgetId=c7c36ee3-2494-4de2-b2cb-d50a86487656&calendarId=e65c1527-c4f8-4316-b6d6-3b174041f00e","UBC"
"UBC Tennis Center","court09","2025-07-16","14:00","14:00","15:00","0","https://ubc.perfectmind.com/24063/Clients/BookMe4LandingPages/Facility?facilityId=9f475d76-dbc1-463e-9097-210f31681e2f&widgetId=c7c36ee3-2494-4de2-b2cb-d50a86487656&calendarId=e65c1527-c4f8-4316-b6d6-3b174041f00e","UBC"
"UBC Tennis Center","court09","2025-07-16","15:00","15:00","16:00","0","https://ubc.perfectmind.com/24063/Clients/BookMe4LandingPages/Facility?facilityId=9f475d76-dbc1-463e-9097-210f31681e2f&widgetId=c7c36ee3-2494-4de2-b2cb-d50a86487656&calendarId=e65c1527-c4f8-4316-b6d6-3b174041f00e","UBC"
"UBC Tennis Center","court09","2025-07-17","12:00","12:00","13:00","24","https://ubc.perfectmind.com/24063/Clients/BookMe4LandingPages/Facility?facilityId=9f475d76-dbc1-463e-9097-210f31681e2f&widgetId=c7c36ee3-2494-4de2-b2cb-d50a86487656&calendarId=e65c1527-c4f8-4316-b6d6-3b174041f00e","UBC"
"UBC Tennis Center","court09","2025-07-17","13:00","13:00","14:00","24","https://ubc.perfectmind.com/24063/Clients/BookMe4LandingPages/Facility?facilityId=9f475d76-dbc1-463e-9097-210f31681e2f&widgetId=c7c36ee3-2494-4de2-b2cb-d50a86487656&calendarId=e65c1527-c4f8-4316-b6d6-3b174041f00e","UBC"
"UBC Tennis Center","court09","2025-07-17","14:00","14:00","15:00","24","https://ubc.perfectmind.com/24063/Clients/BookMe4LandingPages/Facility?facilityId=9f475d76-dbc1-463e-9097-210f31681e2f&widgetId=c7c36ee3-2494-4de2-b2cb-d50a86487656&calendarId=e65c1527-c4f8-4316-b6d6-3b174041f00e","UBC"
"UBC Tennis Center","court09","2025-07-17","15:00","15:00","16:00","24","https://ubc.perfectmind.com/24063/Clients/BookMe4LandingPages/Facility?facilityId=9f475d76-dbc1-463e-9097-210f31681e2f&widgetId=c7c36ee3-2494-4de2-b2cb-d50a86487656&calendarId=e65c1527-c4f8-4316-b6d6-3b174041f00e","UBC"
"UBC Tennis Center","court09","2025-07-17","16:00","16:00","17:00","24","https://ubc.perfectmind.com/24063/Clients/BookMe4LandingPages/Facility?facilityId=9f475d76-dbc1-463e-9097-210f31681e2f&widgetId=c7c36ee3-2494-4de2-b2cb-d50a86487656&calendarId=e65c1527-c4f8-4316-b6d6-3b174041f00e","UBC"
"UBC Tennis Center","court09","2025-07-17","17:00","17:00","18:00","24","https://ubc.perfectmind.com/24063/Clients/BookMe4LandingPages/Facility?facilityId=9f475d76-dbc1-463e-9097-210f31681e2f&widgetId=c7c36ee3-2494-4de2-b2cb-d50a86487656&calendarId=e65c1527-c4f8-4316-b6d6-3b174041f00e","UBC"
"UBC Tennis Center","court09","2025-07-18","12:00","12:00","13:00","24","https://ubc.perfectmind.com/24063/Clients/BookMe4LandingPages/Facility?facilityId=9f475d76-dbc1-463e-9097-210f31681e2f&widgetId=c7c36ee3-2494-4de2-b2cb-d50a86487656&calendarId=e65c1527-c4f8-4316-b6d6-3b174041f00e","UBC"
"UBC Tennis Center","court09","2025-07-18","13:00","13:00","14:00","24","https://ubc.perfectmind.com/24063/Clients/BookMe4LandingPages/Facility?facilityId=9f475d76-dbc1-463e-9097-210f31681e2f&widgetId=c7c36ee3-2494-4de2-b2cb-d50a86487656&calendarId=e65c1527-c4f8-4316-b6d6-3b174041f00e","UBC"
"UBC Tennis Center","court09","2025-07-18","14:00","14:00","15:00","24","https://ubc.perfectmind.com/24063/Clients/BookMe4LandingPages/Facility?facilityId=9f475d76-dbc1-463e-9097-210f31681e2f&widgetId=c7c36ee3-2494-4de2-b2cb-d50a86487656&calendarId=e65c1527-c4f8-4316-b6d6-3b174041f00e","UBC"
"UBC Tennis Center","court09","2025-07-18","15:00","15:00","16:00","24","https://ubc.perfectmind.com/24063/Clients/BookMe4LandingPages/Facility?facilityId=9f475d76-dbc1-463e-9097-210f31681e2f&widgetId=c7c36ee3-2494-4de2-b2cb-d50a86487656&calendarId=e65c1527-c4f8-4316-b6d6-3b174041f00e","UBC"
"UBC Tennis Center","court09","2025-07-18","16:00","16:00","17:00","24","https://ubc.perfectmind.com/24063/Clients/BookMe4LandingPages/Facility?facilityId=9f475d76-dbc1-463e-9097-210f31681e2f&widgetId=c7c36ee3-2494-4de2-b2cb-d50a86487656&calendarId=e65c1527-c4f8-4316-b6d6-3b174041f00e","UBC"
"UBC Tennis Center","court09","2025-07-18","17:00","17:00","18:00","24","https://ubc.perfectmind.com/24063/Clients/BookMe4LandingPages/Facility?facilityId=9f475d76-dbc1-463e-9097-210f31681e2f&widgetId=c7c36ee3-2494-4de2-b2cb-d50a86487656&calendarId=e65c1527-c4f8-4316-b6d6-3b174041f00e","UBC"
"UBC Tennis Center","court09","2025-07-19","09:00","09:00","10:00","24","https://ubc.perfectmind.com/24063/Clients/BookMe4LandingPages/Facility?facilityId=9f475d76-dbc1-463e-9097-210f31681e2f&widgetId=c7c36ee3-2494-4de2-b2cb-d50a86487656&calendarId=e65c1527-c4f8-4316-b6d6-3b174041f00e","UBC"
"UBC Tennis Center","court09","2025-07-19","10:00","10:00","11:00","24","https://ubc.perfectmind.com/24063/Clients/BookMe4LandingPages/Facility?facilityId=9f475d76-dbc1-463e-9097-210f31681e2f&widgetId=c7c36ee3-2494-4de2-b2cb-d50a86487656&calendarId=e65c1527-c4f8-4316-b6d6-3b174041f00e","UBC"
"UBC Tennis Center","court09","2025-07-19","11:00","11:00","12:00","24","https://ubc.perfectmind.com/24063/Clients/BookMe4LandingPages/Facility?facilityId=9f475d76-dbc1-463e-9097-210f31681e2f&widgetId=c7c36ee3-2494-4de2-b2cb-d50a86487656&calendarId=e65c1527-c4f8-4316-b6d6-3b174041f00e","UBC"
"UBC Tennis Center","court09","2025-07-19","12:00","12:00","13:00","24","https://ubc.perfectmind.com/24063/Clients/BookMe4LandingPages/Facility?facilityId=9f475d76-dbc1-463e-9097-210f31681e2f&widgetId=c7c36ee3-2494-4de2-b2cb-d50a86487656&calendarId=e65c1527-c4f8-4316-b6d6-3b174041f00e","UBC"
"UBC Tennis Center","court09","2025-07-19","13:00","13:00","14:00","24","https://ubc.perfectmind.com/24063/Clients/BookMe4LandingPages/Facility?facilityId=9f475d76-dbc1-463e-9097-210f31681e2f&widgetId=c7c36ee3-2494-4de2-b2cb-d50a86487656&calendarId=e65c1527-c4f8-4316-b6d6-3b174041f00e","UBC"
"UBC Tennis Center","court09","2025-07-19","14:00","14:00","15:00","24","https://ubc.perfectmind.com/24063/Clients/BookMe4LandingPages/Facility?facilityId=9f475d76-dbc1-463e-9097-210f31681e2f&widgetId=c7c36ee3-2494-4de2-b2cb-d50a86487656&calendarId=e65c1527-c4f8-4316-b6d6-3b174041f00e","UBC"
"UBC Tennis Center","court09","2025-07-19","15:00","15:00","16:00","24","https://ubc.perfectmind.com/24063/Clients/BookMe4LandingPages/Facility?facilityId=9f475d76-dbc1-463e-9097-210f31681e2f&widgetId=c7c36ee3-2494-4de2-b2cb-d50a86487656&calendarId=e65c1527-c4f8-4316-b6d6-3b174041f00e","UBC"
"UBC Tennis Center","court09","2025-07-19","16:00","16:00","17:00","24","https://ubc.perfectmind.com/24063/Clients/BookMe4LandingPages/Facility?facilityId=9f475d76-dbc1-463e-9097-210f31681e2f&widgetId=c7c36ee3-2494-4de2-b2cb-d50a86487656&calendarId=e65c1527-c4f8-4316-b6d6-3b174041f00e","UBC"
"UBC Tennis Center","court09","2025-07-19","17:00","17:00","18:00","24","https://ubc.perfectmind.com/24063/Clients/BookMe4LandingPages/Facility?facilityId=9f475d76-dbc1-463e-9097-210f31681e2f&widgetId=c7c36ee3-2494-4de2-b2cb-d50a86487656&calendarId=e65c1527-c4f8-4316-b6d6-3b174041f00e","UBC"
"UBC Tennis Center","court09","2025-07-20","09:00","09:00","10:00","24","https://ubc.perfectmind.com/24063/Clients/BookMe4LandingPages/Facility?facilityId=9f475d76-dbc1-463e-9097-210f31681e2f&widgetId=c7c36ee3-2494-4de2-b2cb-d50a86487656&calendarId=e65c1527-c4f8-4316-b6d6-3b174041f00e","UBC"
"UBC Tennis Center","court09","2025-07-20","10:00","10:00","11:00","24","https://ubc.perfectmind.com/24063/Clients/BookMe4LandingPages/Facility?facilityId=9f475d76-dbc1-463e-9097-210f31681e2f&widgetId=c7c36ee3-2494-4de2-b2cb-d50a86487656&calendarId=e65c1527-c4f8-4316-b6d6-3b174041f00e","UBC"
"UBC Tennis Center","court09","2025-07-20","11:00","11:00","12:00","24","https://ubc.perfectmind.com/24063/Clients/BookMe4LandingPages/Facility?facilityId=9f475d76-dbc1-463e-9097-210f31681e2f&widgetId=c7c36ee3-2494-4de2-b2cb-d50a86487656&calendarId=e65c1527-c4f8-4316-b6d6-3b174041f00e","UBC"
"UBC Tennis Center","court09","2025-07-20","12:00","12:00","13:00","24","https://ubc.perfectmind.com/24063/Clients/BookMe4LandingPages/Facility?facilityId=9f475d76-dbc1-463e-9097-210f31681e2f&widgetId=c7c36ee3-2494-4de2-b2cb-d50a86487656&calendarId=e65c1527-c4f8-4316-b6d6-3b174041f00e","UBC"
"UBC Tennis Center","court09","2025-07-20","13:00","13:00","14:00","24","https://ubc.perfectmind.com/24063/Clients/BookMe4LandingPages/Facility?facilityId=9f475d76-dbc1-463e-9097-210f31681e2f&widgetId=c7c36ee3-2494-4de2-b2cb-d50a86487656&calendarId=e65c1527-c4f8-4316-b6d6-3b174041f00e","UBC"
"UBC Tennis Center","court09","2025-07-20","14:00","14:00","15:00","24","https://ubc.perfectmind.com/24063/Clients/BookMe4LandingPages/Facility?facilityId=9f475d76-dbc1-463e-9097-210f31681e2f&widgetId=c7c36ee3-2494-4de2-b2cb-d50a86487656&calendarId=e65c1527-c4f8-4316-b6d6-3b174041f00e","UBC"
"UBC Tennis Center","court09","2025-07-20","15:00","15:00","16:00","24","https://ubc.perfectmind.com/24063/Clients/BookMe4LandingPages/Facility?facilityId=9f475d76-dbc1-463e-9097-210f31681e2f&widgetId=c7c36ee3-2494-4de2-b2cb-d50a86487656&calendarId=e65c1527-c4f8-4316-b6d6-3b174041f00e","UBC"
"UBC Tennis Center","court09","2025-07-20","16:00","16:00","17:00","24","https://ubc.perfectmind.com/24063/Clients/BookMe4LandingPages/Facility?facilityId=9f475d76-dbc1-463e-9097-210f31681e2f&widgetId=c7c36ee3-2494-4de2-b2cb-d50a86487656&calendarId=e65c1527-c4f8-4316-b6d6-3b174041f00e","UBC"
"UBC Tennis Center","court09","2025-07-20","17:00","17:00","18:00","24","https://ubc.perfectmind.com/24063/Clients/BookMe4LandingPages/Facility?facilityId=9f475d76-dbc1-463e-9097-210f31681e2f&widgetId=c7c36ee3-2494-4de2-b2cb-d50a86487656&calendarId=e65c1527-c4f8-4316-b6d6-3b174041f00e","UBC"
"UBC Tennis Center","court09","2025-07-21","16:00","16:00","17:00","24","https://ubc.perfectmind.com/24063/Clients/BookMe4LandingPages/Facility?facilityId=9f475d76-dbc1-463e-9097-210f31681e2f&widgetId=c7c36ee3-2494-4de2-b2cb-d50a86487656&calendarId=e65c1527-c4f8-4316-b6d6-3b174041f00e","UBC"
"UBC Tennis Center","court09","2025-07-21","17:00","17:00","18:00","24","https://ubc.perfectmind.com/24063/Clients/BookMe4LandingPages/Facility?facilityId=9f475d76-dbc1-463e-9097-210f31681e2f&widgetId=c7c36ee3-2494-4de2-b2cb-d50a86487656&calendarId=e65c1527-c4f8-4316-b6d6-3b174041f00e","UBC"
"UBC Tennis Center","court09","2025-07-22","16:00","16:00","17:00","24","https://ubc.perfectmind.com/24063/Clients/BookMe4LandingPages/Facility?facilityId=9f475d76-dbc1-463e-9097-210f31681e2f&widgetId=c7c36ee3-2494-4de2-b2cb-d50a86487656&calendarId=e65c1527-c4f8-4316-b6d6-3b174041f00e","UBC"
"UBC Tennis Center","court09","2025-07-22","17:00","17:00","18:00","24","https://ubc.perfectmind.com/24063/Clients/BookMe4LandingPages/Facility?facilityId=9f475d76-dbc1-463e-9097-210f31681e2f&widgetId=c7c36ee3-2494-4de2-b2cb-d50a86487656&calendarId=e65c1527-c4f8-4316-b6d6-3b174041f00e","UBC"
"UBC Tennis Center","court10","2025-07-16","16:00","16:00","17:00","0","https://ubc.perfectmind.com/24063/Clients/BookMe4LandingPages/Facility?facilityId=d5894b7a-2b61-4345-a1a8-ea8a50c921ae&widgetId=c7c36ee3-2494-4de2-b2cb-d50a86487656&calendarId=e65c1527-c4f8-4316-b6d6-3b174041f00e","UBC"
"UBC Tennis Center","court10","2025-07-16","17:00","17:00","18:00","0","https://ubc.perfectmind.com/24063/Clients/BookMe4LandingPages/Facility?facilityId=d5894b7a-2b61-4345-a1a8-ea8a50c921ae&widgetId=c7c36ee3-2494-4de2-b2cb-d50a86487656&calendarId=e65c1527-c4f8-4316-b6d6-3b174041f00e","UBC"
"UBC Tennis Center","court10","2025-07-16","18:00","18:00","19:00","0","https://ubc.perfectmind.com/24063/Clients/BookMe4LandingPages/Facility?facilityId=d5894b7a-2b61-4345-a1a8-ea8a50c921ae&widgetId=c7c36ee3-2494-4de2-b2cb-d50a86487656&calendarId=e65c1527-c4f8-4316-b6d6-3b174041f00e","UBC"
"UBC Tennis Center","court10","2025-07-16","19:00","19:00","20:00","24","https://ubc.perfectmind.com/24063/Clients/BookMe4LandingPages/Facility?facilityId=d5894b7a-2b61-4345-a1a8-ea8a50c921ae&widgetId=c7c36ee3-2494-4de2-b2cb-d50a86487656&calendarId=e65c1527-c4f8-4316-b6d6-3b174041f00e","UBC"
"UBC Tennis Center","court10","2025-07-17","16:00","16:00","17:00","24","https://ubc.perfectmind.com/24063/Clients/BookMe4LandingPages/Facility?facilityId=d5894b7a-2b61-4345-a1a8-ea8a50c921ae&widgetId=c7c36ee3-2494-4de2-b2cb-d50a86487656&calendarId=e65c1527-c4f8-4316-b6d6-3b174041f00e","UBC"
"UBC Tennis Center","court10","2025-07-17","17:00","17:00","18:00","24","https://ubc.perfectmind.com/24063/Clients/BookMe4LandingPages/Facility?facilityId=d5894b7a-2b61-4345-a1a8-ea8a50c921ae&widgetId=c7c36ee3-2494-4de2-b2cb-d50a86487656&calendarId=e65c1527-c4f8-4316-b6d6-3b174041f00e","UBC"
"UBC Tennis Center","court10","2025-07-17","18:00","18:00","19:00","24","https://ubc.perfectmind.com/24063/Clients/BookMe4LandingPages/Facility?facilityId=d5894b7a-2b61-4345-a1a8-ea8a50c921ae&widgetId=c7c36ee3-2494-4de2-b2cb-d50a86487656&calendarId=e65c1527-c4f8-4316-b6d6-3b174041f00e","UBC"
"UBC Tennis Center","court10","2025-07-17","19:00","19:00","20:00","24","https://ubc.perfectmind.com/24063/Clients/BookMe4LandingPages/Facility?facilityId=d5894b7a-2b61-4345-a1a8-ea8a50c921ae&widgetId=c7c36ee3-2494-4de2-b2cb-d50a86487656&calendarId=e65c1527-c4f8-4316-b6d6-3b174041f00e","UBC"
"UBC Tennis Center","court10","2025-07-18","16:00","16:00","17:00","24","https://ubc.perfectmind.com/24063/Clients/BookMe4LandingPages/Facility?facilityId=d5894b7a-2b61-4345-a1a8-ea8a50c921ae&widgetId=c7c36ee3-2494-4de2-b2cb-d50a86487656&calendarId=e65c1527-c4f8-4316-b6d6-3b174041f00e","UBC"
"UBC Tennis Center","court10","2025-07-18","17:00","17:00","18:00","24","https://ubc.perfectmind.com/24063/Clients/BookMe4LandingPages/Facility?facilityId=d5894b7a-2b61-4345-a1a8-ea8a50c921ae&widgetId=c7c36ee3-2494-4de2-b2cb-d50a86487656&calendarId=e65c1527-c4f8-4316-b6d6-3b174041f00e","UBC"
"UBC Tennis Center","court10","2025-07-18","18:00","18:00","19:00","24","https://ubc.perfectmind.com/24063/Clients/BookMe4LandingPages/Facility?facilityId=d5894b7a-2b61-4345-a1a8-ea8a50c921ae&widgetId=c7c36ee3-2494-4de2-b2cb-d50a86487656&calendarId=e65c1527-c4f8-4316-b6d6-3b174041f00e","UBC"
"UBC Tennis Center","court10","2025-07-18","19:00","19:00","20:00","24","https://ubc.perfectmind.com/24063/Clients/BookMe4LandingPages/Facility?facilityId=d5894b7a-2b61-4345-a1a8-ea8a50c921ae&widgetId=c7c36ee3-2494-4de2-b2cb-d50a86487656&calendarId=e65c1527-c4f8-4316-b6d6-3b174041f00e","UBC"
"UBC Tennis Center","court10","2025-07-19","09:00","09:00","10:00","24","https://ubc.perfectmind.com/24063/Clients/BookMe4LandingPages/Facility?facilityId=d5894b7a-2b61-4345-a1a8-ea8a50c921ae&widgetId=c7c36ee3-2494-4de2-b2cb-d50a86487656&calendarId=e65c1527-c4f8-4316-b6d6-3b174041f00e","UBC"
"UBC Tennis Center","court10","2025-07-19","10:00","10:00","11:00","24","https://ubc.perfectmind.com/24063/Clients/BookMe4LandingPages/Facility?facilityId=d5894b7a-2b61-4345-a1a8-ea8a50c921ae&widgetId=c7c36ee3-2494-4de2-b2cb-d50a86487656&calendarId=e65c1527-c4f8-4316-b6d6-3b174041f00e","UBC"
"UBC Tennis Center","court10","2025-07-19","11:00","11:00","12:00","24","https://ubc.perfectmind.com/24063/Clients/BookMe4LandingPages/Facility?facilityId=d5894b7a-2b61-4345-a1a8-ea8a50c921ae&widgetId=c7c36ee3-2494-4de2-b2cb-d50a86487656&calendarId=e65c1527-c4f8-4316-b6d6-3b174041f00e","UBC"
"UBC Tennis Center","court10","2025-07-19","12:00","12:00","13:00","24","https://ubc.perfectmind.com/24063/Clients/BookMe4LandingPages/Facility?facilityId=d5894b7a-2b61-4345-a1a8-ea8a50c921ae&widgetId=c7c36ee3-2494-4de2-b2cb-d50a86487656&calendarId=e65c1527-c4f8-4316-b6d6-3b174041f00e","UBC"
"UBC Tennis Center","court10","2025-07-19","13:00","13:00","14:00","24","https://ubc.perfectmind.com/24063/Clients/BookMe4LandingPages/Facility?facilityId=d5894b7a-2b61-4345-a1a8-ea8a50c921ae&widgetId=c7c36ee3-2494-4de2-b2cb-d50a86487656&calendarId=e65c1527-c4f8-4316-b6d6-3b174041f00e","UBC"
"UBC Tennis Center","court10","2025-07-19","14:00","14:00","15:00","24","https://ubc.perfectmind.com/24063/Clients/BookMe4LandingPages/Facility?facilityId=d5894b7a-2b61-4345-a1a8-ea8a50c921ae&widgetId=c7c36ee3-2494-4de2-b2cb-d50a86487656&calendarId=e65c1527-c4f8-4316-b6d6-3b174041f00e","UBC"
"UBC Tennis Center","court10","2025-07-19","15:00","15:00","16:00","24","https://ubc.perfectmind.com/24063/Clients/BookMe4LandingPages/Facility?facilityId=d5894b7a-2b61-4345-a1a8-ea8a50c921ae&widgetId=c7c36ee3-2494-4de2-b2cb-d50a86487656&calendarId=e65c1527-c4f8-4316-b6d6-3b174041f00e","UBC"
"UBC Tennis Center","court10","2025-07-19","16:00","16:00","17:00","24","https://ubc.perfectmind.com/24063/Clients/BookMe4LandingPages/Facility?facilityId=d5894b7a-2b61-4345-a1a8-ea8a50c921ae&widgetId=c7c36ee3-2494-4de2-b2cb-d50a86487656&calendarId=e65c1527-c4f8-4316-b6d6-3b174041f00e","UBC"
"UBC Tennis Center","court10","2025-07-19","17:00","17:00","18:00","24","https://ubc.perfectmind.com/24063/Clients/BookMe4LandingPages/Facility?facilityId=d5894b7a-2b61-4345-a1a8-ea8a50c921ae&widgetId=c7c36ee3-2494-4de2-b2cb-d50a86487656&calendarId=e65c1527-c4f8-4316-b6d6-3b174041f00e","UBC"
"UBC Tennis Center","court10","2025-07-19","18:00","18:00","19:00","24","https://ubc.perfectmind.com/24063/Clients/BookMe4LandingPages/Facility?facilityId=d5894b7a-2b61-4345-a1a8-ea8a50c921ae&widgetId=c7c36ee3-2494-4de2-b2cb-d50a86487656&calendarId=e65c1527-c4f8-4316-b6d6-3b174041f00e","UBC"
"UBC Tennis Center","court10","2025-07-19","19:00","19:00","20:00","24","https://ubc.perfectmind.com/24063/Clients/BookMe4LandingPages/Facility?facilityId=d5894b7a-2b61-4345-a1a8-ea8a50c921ae&widgetId=c7c36ee3-2494-4de2-b2cb-d50a86487656&calendarId=e65c1527-c4f8-4316-b6d6-3b174041f00e","UBC"
"UBC Tennis Center","court10","2025-07-20","09:00","09:00","10:00","24","https://ubc.perfectmind.com/24063/Clients/BookMe4LandingPages/Facility?facilityId=d5894b7a-2b61-4345-a1a8-ea8a50c921ae&widgetId=c7c36ee3-2494-4de2-b2cb-d50a86487656&calendarId=e65c1527-c4f8-4316-b6d6-3b174041f00e","UBC"
"UBC Tennis Center","court10","2025-07-20","10:00","10:00","11:00","24","https://ubc.perfectmind.com/24063/Clients/BookMe4LandingPages/Facility?facilityId=d5894b7a-2b61-4345-a1a8-ea8a50c921ae&widgetId=c7c36ee3-2494-4de2-b2cb-d50a86487656&calendarId=e65c1527-c4f8-4316-b6d6-3b174041f00e","UBC"
"UBC Tennis Center","court10","2025-07-20","11:00","11:00","12:00","24","https://ubc.perfectmind.com/24063/Clients/BookMe4LandingPages/Facility?facilityId=d5894b7a-2b61-4345-a1a8-ea8a50c921ae&widgetId=c7c36ee3-2494-4de2-b2cb-d50a86487656&calendarId=e65c1527-c4f8-4316-b6d6-3b174041f00e","UBC"
"UBC Tennis Center","court10","2025-07-20","12:00","12:00","13:00","24","https://ubc.perfectmind.com/24063/Clients/BookMe4LandingPages/Facility?facilityId=d5894b7a-2b61-4345-a1a8-ea8a50c921ae&widgetId=c7c36ee3-2494-4de2-b2cb-d50a86487656&calendarId=e65c1527-c4f8-4316-b6d6-3b174041f00e","UBC"
"UBC Tennis Center","court10","2025-07-20","13:00","13:00","14:00","24","https://ubc.perfectmind.com/24063/Clients/BookMe4LandingPages/Facility?facilityId=d5894b7a-2b61-4345-a1a8-ea8a50c921ae&widgetId=c7c36ee3-2494-4de2-b2cb-d50a86487656&calendarId=e65c1527-c4f8-4316-b6d6-3b174041f00e","UBC"
"UBC Tennis Center","court10","2025-07-20","14:00","14:00","15:00","24","https://ubc.perfectmind.com/24063/Clients/BookMe4LandingPages/Facility?facilityId=d5894b7a-2b61-4345-a1a8-ea8a50c921ae&widgetId=c7c36ee3-2494-4de2-b2cb-d50a86487656&calendarId=e65c1527-c4f8-4316-b6d6-3b174041f00e","UBC"
"UBC Tennis Center","court10","2025-07-20","15:00","15:00","16:00","24","https://ubc.perfectmind.com/24063/Clients/BookMe4LandingPages/Facility?facilityId=d5894b7a-2b61-4345-a1a8-ea8a50c921ae&widgetId=c7c36ee3-2494-4de2-b2cb-d50a86487656&calendarId=e65c1527-c4f8-4316-b6d6-3b174041f00e","UBC"
"UBC Tennis Center","court10","2025-07-20","16:00","16:00","17:00","24","https://ubc.perfectmind.com/24063/Clients/BookMe4LandingPages/Facility?facilityId=d5894b7a-2b61-4345-a1a8-ea8a50c921ae&widgetId=c7c36ee3-2494-4de2-b2cb-d50a86487656&calendarId=e65c1527-c4f8-4316-b6d6-3b174041f00e","UBC"
"UBC Tennis Center","court10","2025-07-20","17:00","17:00","18:00","24","https://ubc.perfectmind.com/24063/Clients/BookMe4LandingPages/Facility?facilityId=d5894b7a-2b61-4345-a1a8-ea8a50c921ae&widgetId=c7c36ee3-2494-4de2-b2cb-d50a86487656&calendarId=e65c1527-c4f8-4316-b6d6-3b174041f00e","UBC"
"UBC Tennis Center","court10","2025-07-20","18:00","18:00","19:00","24","https://ubc.perfectmind.com/24063/Clients/BookMe4LandingPages/Facility?facilityId=d5894b7a-2b61-4345-a1a8-ea8a50c921ae&widgetId=c7c36ee3-2494-4de2-b2cb-d50a86487656&calendarId=e65c1527-c4f8-4316-b6d6-3b174041f00e","UBC"
"UBC Tennis Center","court10","2025-07-20","19:00","19:00","20:00","24","https://ubc.perfectmind.com/24063/Clients/BookMe4LandingPages/Facility?facilityId=d5894b7a-2b61-4345-a1a8-ea8a50c921ae&widgetId=c7c36ee3-2494-4de2-b2cb-d50a86487656&calendarId=e65c1527-c4f8-4316-b6d6-3b174041f00e","UBC"
"UBC Tennis Center","court10","2025-07-21","16:00","16:00","17:00","24","https://ubc.perfectmind.com/24063/Clients/BookMe4LandingPages/Facility?facilityId=d5894b7a-2b61-4345-a1a8-ea8a50c921ae&widgetId=c7c36ee3-2494-4de2-b2cb-d50a86487656&calendarId=e65c1527-c4f8-4316-b6d6-3b174041f00e","UBC"
"UBC Tennis Center","court10","2025-07-21","17:00","17:00","18:00","24","https://ubc.perfectmind.com/24063/Clients/BookMe4LandingPages/Facility?facilityId=d5894b7a-2b61-4345-a1a8-ea8a50c921ae&widgetId=c7c36ee3-2494-4de2-b2cb-d50a86487656&calendarId=e65c1527-c4f8-4316-b6d6-3b174041f00e","UBC"
"UBC Tennis Center","court10","2025-07-21","18:00","18:00","19:00","24","https://ubc.perfectmind.com/24063/Clients/BookMe4LandingPages/Facility?facilityId=d5894b7a-2b61-4345-a1a8-ea8a50c921ae&widgetId=c7c36ee3-2494-4de2-b2cb-d50a86487656&calendarId=e65c1527-c4f8-4316-b6d6-3b174041f00e","UBC"
"UBC Tennis Center","court10","2025-07-21","19:00","19:00","20:00","24","https://ubc.perfectmind.com/24063/Clients/BookMe4LandingPages/Facility?facilityId=d5894b7a-2b61-4345-a1a8-ea8a50c921ae&widgetId=c7c36ee3-2494-4de2-b2cb-d50a86487656&calendarId=e65c1527-c4f8-4316-b6d6-3b174041f00e","UBC"
"UBC Tennis Center","court10","2025-07-22","16:00","16:00","17:00","24","https://ubc.perfectmind.com/24063/Clients/BookMe4LandingPages/Facility?facilityId=d5894b7a-2b61-4345-a1a8-ea8a50c921ae&widgetId=c7c36ee3-2494-4de2-b2cb-d50a86487656&calendarId=e65c1527-c4f8-4316-b6d6-3b174041f00e","UBC"
"UBC Tennis Center","court10","2025-07-22","17:00","17:00","18:00","24","https://ubc.perfectmind.com/24063/Clients/BookMe4LandingPages/Facility?facilityId=d5894b7a-2b61-4345-a1a8-ea8a50c921ae&widgetId=c7c36ee3-2494-4de2-b2cb-d50a86487656&calendarId=e65c1527-c4f8-4316-b6d6-3b174041f00e","UBC"
"UBC Tennis Center","court10","2025-07-22","18:00","18:00","19:00","24","https://ubc.perfectmind.com/24063/Clients/BookMe4LandingPages/Facility?facilityId=d5894b7a-2b61-4345-a1a8-ea8a50c921ae&widgetId=c7c36ee3-2494-4de2-b2cb-d50a86487656&calendarId=e65c1527-c4f8-4316-b6d6-3b174041f00e","UBC"
"UBC Tennis Center","court11","2025-07-16","16:00","16:00","17:00","0","https://ubc.perfectmind.com/24063/Clients/BookMe4LandingPages/Facility?facilityId=d3a55644-6681-42a7-b8f5-09d796d35c07&widgetId=c7c36ee3-2494-4de2-b2cb-d50a86487656&calendarId=e65c1527-c4f8-4316-b6d6-3b174041f00e","UBC"
"UBC Tennis Center","court11","2025-07-16","17:00","17:00","18:00","0","https://ubc.perfectmind.com/24063/Clients/BookMe4LandingPages/Facility?facilityId=d3a55644-6681-42a7-b8f5-09d796d35c07&widgetId=c7c36ee3-2494-4de2-b2cb-d50a86487656&calendarId=e65c1527-c4f8-4316-b6d6-3b174041f00e","UBC"
"UBC Tennis Center","court11","2025-07-16","18:00","18:00","19:00","0","https://ubc.perfectmind.com/24063/Clients/BookMe4LandingPages/Facility?facilityId=d3a55644-6681-42a7-b8f5-09d796d35c07&widgetId=c7c36ee3-2494-4de2-b2cb-d50a86487656&calendarId=e65c1527-c4f8-4316-b6d6-3b174041f00e","UBC"
"UBC Tennis Center","court11","2025-07-16","19:00","19:00","20:00","24","https://ubc.perfectmind.com/24063/Clients/BookMe4LandingPages/Facility?facilityId=d3a55644-6681-42a7-b8f5-09d796d35c07&widgetId=c7c36ee3-2494-4de2-b2cb-d50a86487656&calendarId=e65c1527-c4f8-4316-b6d6-3b174041f00e","UBC"
"UBC Tennis Center","court11","2025-07-17","16:00","16:00","17:00","24","https://ubc.perfectmind.com/24063/Clients/BookMe4LandingPages/Facility?facilityId=d3a55644-6681-42a7-b8f5-09d796d35c07&widgetId=c7c36ee3-2494-4de2-b2cb-d50a86487656&calendarId=e65c1527-c4f8-4316-b6d6-3b174041f00e","UBC"
"UBC Tennis Center","court11","2025-07-17","17:00","17:00","18:00","24","https://ubc.perfectmind.com/24063/Clients/BookMe4LandingPages/Facility?facilityId=d3a55644-6681-42a7-b8f5-09d796d35c07&widgetId=c7c36ee3-2494-4de2-b2cb-d50a86487656&calendarId=e65c1527-c4f8-4316-b6d6-3b174041f00e","UBC"
"UBC Tennis Center","court11","2025-07-17","18:00","18:00","19:00","24","https://ubc.perfectmind.com/24063/Clients/BookMe4LandingPages/Facility?facilityId=d3a55644-6681-42a7-b8f5-09d796d35c07&widgetId=c7c36ee3-2494-4de2-b2cb-d50a86487656&calendarId=e65c1527-c4f8-4316-b6d6-3b174041f00e","UBC"
"UBC Tennis Center","court11","2025-07-17","19:00","19:00","20:00","24","https://ubc.perfectmind.com/24063/Clients/BookMe4LandingPages/Facility?facilityId=d3a55644-6681-42a7-b8f5-09d796d35c07&widgetId=c7c36ee3-2494-4de2-b2cb-d50a86487656&calendarId=e65c1527-c4f8-4316-b6d6-3b174041f00e","UBC"
"UBC Tennis Center","court11","2025-07-18","16:00","16:00","17:00","24","https://ubc.perfectmind.com/24063/Clients/BookMe4LandingPages/Facility?facilityId=d3a55644-6681-42a7-b8f5-09d796d35c07&widgetId=c7c36ee3-2494-4de2-b2cb-d50a86487656&calendarId=e65c1527-c4f8-4316-b6d6-3b174041f00e","UBC"
"UBC Tennis Center","court11","2025-07-18","17:00","17:00","18:00","24","https://ubc.perfectmind.com/24063/Clients/BookMe4LandingPages/Facility?facilityId=d3a55644-6681-42a7-b8f5-09d796d35c07&widgetId=c7c36ee3-2494-4de2-b2cb-d50a86487656&calendarId=e65c1527-c4f8-4316-b6d6-3b174041f00e","UBC"
"UBC Tennis Center","court11","2025-07-18","18:00","18:00","19:00","24","https://ubc.perfectmind.com/24063/Clients/BookMe4LandingPages/Facility?facilityId=d3a55644-6681-42a7-b8f5-09d796d35c07&widgetId=c7c36ee3-2494-4de2-b2cb-d50a86487656&calendarId=e65c1527-c4f8-4316-b6d6-3b174041f00e","UBC"
"UBC Tennis Center","court11","2025-07-18","19:00","19:00","20:00","24","https://ubc.perfectmind.com/24063/Clients/BookMe4LandingPages/Facility?facilityId=d3a55644-6681-42a7-b8f5-09d796d35c07&widgetId=c7c36ee3-2494-4de2-b2cb-d50a86487656&calendarId=e65c1527-c4f8-4316-b6d6-3b174041f00e","UBC"
"UBC Tennis Center","court11","2025-07-19","09:00","09:00","10:00","24","https://ubc.perfectmind.com/24063/Clients/BookMe4LandingPages/Facility?facilityId=d3a55644-6681-42a7-b8f5-09d796d35c07&widgetId=c7c36ee3-2494-4de2-b2cb-d50a86487656&calendarId=e65c1527-c4f8-4316-b6d6-3b174041f00e","UBC"
"UBC Tennis Center","court11","2025-07-19","10:00","10:00","11:00","24","https://ubc.perfectmind.com/24063/Clients/BookMe4LandingPages/Facility?facilityId=d3a55644-6681-42a7-b8f5-09d796d35c07&widgetId=c7c36ee3-2494-4de2-b2cb-d50a86487656&calendarId=e65c1527-c4f8-4316-b6d6-3b174041f00e","UBC"
"UBC Tennis Center","court11","2025-07-19","11:00","11:00","12:00","24","https://ubc.perfectmind.com/24063/Clients/BookMe4LandingPages/Facility?facilityId=d3a55644-6681-42a7-b8f5-09d796d35c07&widgetId=c7c36ee3-2494-4de2-b2cb-d50a86487656&calendarId=e65c1527-c4f8-4316-b6d6-3b174041f00e","UBC"
"UBC Tennis Center","court11","2025-07-19","12:00","12:00","13:00","24","https://ubc.perfectmind.com/24063/Clients/BookMe4LandingPages/Facility?facilityId=d3a55644-6681-42a7-b8f5-09d796d35c07&widgetId=c7c36ee3-2494-4de2-b2cb-d50a86487656&calendarId=e65c1527-c4f8-4316-b6d6-3b174041f00e","UBC"
"UBC Tennis Center","court11","2025-07-19","13:00","13:00","14:00","24","https://ubc.perfectmind.com/24063/Clients/BookMe4LandingPages/Facility?facilityId=d3a55644-6681-42a7-b8f5-09d796d35c07&widgetId=c7c36ee3-2494-4de2-b2cb-d50a86487656&calendarId=e65c1527-c4f8-4316-b6d6-3b174041f00e","UBC"
"UBC Tennis Center","court11","2025-07-19","14:00","14:00","15:00","24","https://ubc.perfectmind.com/24063/Clients/BookMe4LandingPages/Facility?facilityId=d3a55644-6681-42a7-b8f5-09d796d35c07&widgetId=c7c36ee3-2494-4de2-b2cb-d50a86487656&calendarId=e65c1527-c4f8-4316-b6d6-3b174041f00e","UBC"
"UBC Tennis Center","court11","2025-07-19","15:00","15:00","16:00","24","https://ubc.perfectmind.com/24063/Clients/BookMe4LandingPages/Facility?facilityId=d3a55644-6681-42a7-b8f5-09d796d35c07&widgetId=c7c36ee3-2494-4de2-b2cb-d50a86487656&calendarId=e65c1527-c4f8-4316-b6d6-3b174041f00e","UBC"
"UBC Tennis Center","court11","2025-07-19","16:00","16:00","17:00","24","https://ubc.perfectmind.com/24063/Clients/BookMe4LandingPages/Facility?facilityId=d3a55644-6681-42a7-b8f5-09d796d35c07&widgetId=c7c36ee3-2494-4de2-b2cb-d50a86487656&calendarId=e65c1527-c4f8-4316-b6d6-3b174041f00e","UBC"
"UBC Tennis Center","court11","2025-07-19","17:00","17:00","18:00","24","https://ubc.perfectmind.com/24063/Clients/BookMe4LandingPages/Facility?facilityId=d3a55644-6681-42a7-b8f5-09d796d35c07&widgetId=c7c36ee3-2494-4de2-b2cb-d50a86487656&calendarId=e65c1527-c4f8-4316-b6d6-3b174041f00e","UBC"
"UBC Tennis Center","court11","2025-07-19","18:00","18:00","19:00","24","https://ubc.perfectmind.com/24063/Clients/BookMe4LandingPages/Facility?facilityId=d3a55644-6681-42a7-b8f5-09d796d35c07&widgetId=c7c36ee3-2494-4de2-b2cb-d50a86487656&calendarId=e65c1527-c4f8-4316-b6d6-3b174041f00e","UBC"
"UBC Tennis Center","court11","2025-07-19","19:00","19:00","20:00","24","https://ubc.perfectmind.com/24063/Clients/BookMe4LandingPages/Facility?facilityId=d3a55644-6681-42a7-b8f5-09d796d35c07&widgetId=c7c36ee3-2494-4de2-b2cb-d50a86487656&calendarId=e65c1527-c4f8-4316-b6d6-3b174041f00e","UBC"
"UBC Tennis Center","court11","2025-07-20","09:00","09:00","10:00","24","https://ubc.perfectmind.com/24063/Clients/BookMe4LandingPages/Facility?facilityId=d3a55644-6681-42a7-b8f5-09d796d35c07&widgetId=c7c36ee3-2494-4de2-b2cb-d50a86487656&calendarId=e65c1527-c4f8-4316-b6d6-3b174041f00e","UBC"
"UBC Tennis Center","court11","2025-07-20","10:00","10:00","11:00","24","https://ubc.perfectmind.com/24063/Clients/BookMe4LandingPages/Facility?facilityId=d3a55644-6681-42a7-b8f5-09d796d35c07&widgetId=c7c36ee3-2494-4de2-b2cb-d50a86487656&calendarId=e65c1527-c4f8-4316-b6d6-3b174041f00e","UBC"
"UBC Tennis Center","court11","2025-07-20","11:00","11:00","12:00","24","https://ubc.perfectmind.com/24063/Clients/BookMe4LandingPages/Facility?facilityId=d3a55644-6681-42a7-b8f5-09d796d35c07&widgetId=c7c36ee3-2494-4de2-b2cb-d50a86487656&calendarId=e65c1527-c4f8-4316-b6d6-3b174041f00e","UBC"
"UBC Tennis Center","court11","2025-07-20","12:00","12:00","13:00","24","https://ubc.perfectmind.com/24063/Clients/BookMe4LandingPages/Facility?facilityId=d3a55644-6681-42a7-b8f5-09d796d35c07&widgetId=c7c36ee3-2494-4de2-b2cb-d50a86487656&calendarId=e65c1527-c4f8-4316-b6d6-3b174041f00e","UBC"
"UBC Tennis Center","court11","2025-07-20","13:00","13:00","14:00","24","https://ubc.perfectmind.com/24063/Clients/BookMe4LandingPages/Facility?facilityId=d3a55644-6681-42a7-b8f5-09d796d35c07&widgetId=c7c36ee3-2494-4de2-b2cb-d50a86487656&calendarId=e65c1527-c4f8-4316-b6d6-3b174041f00e","UBC"
"UBC Tennis Center","court11","2025-07-20","14:00","14:00","15:00","24","https://ubc.perfectmind.com/24063/Clients/BookMe4LandingPages/Facility?facilityId=d3a55644-6681-42a7-b8f5-09d796d35c07&widgetId=c7c36ee3-2494-4de2-b2cb-d50a86487656&calendarId=e65c1527-c4f8-4316-b6d6-3b174041f00e","UBC"
"UBC Tennis Center","court11","2025-07-20","15:00","15:00","16:00","24","https://ubc.perfectmind.com/24063/Clients/BookMe4LandingPages/Facility?facilityId=d3a55644-6681-42a7-b8f5-09d796d35c07&widgetId=c7c36ee3-2494-4de2-b2cb-d50a86487656&calendarId=e65c1527-c4f8-4316-b6d6-3b174041f00e","UBC"
"UBC Tennis Center","court11","2025-07-20","16:00","16:00","17:00","24","https://ubc.perfectmind.com/24063/Clients/BookMe4LandingPages/Facility?facilityId=d3a55644-6681-42a7-b8f5-09d796d35c07&widgetId=c7c36ee3-2494-4de2-b2cb-d50a86487656&calendarId=e65c1527-c4f8-4316-b6d6-3b174041f00e","UBC"
"UBC Tennis Center","court11","2025-07-20","17:00","17:00","18:00","24","https://ubc.perfectmind.com/24063/Clients/BookMe4LandingPages/Facility?facilityId=d3a55644-6681-42a7-b8f5-09d796d35c07&widgetId=c7c36ee3-2494-4de2-b2cb-d50a86487656&calendarId=e65c1527-c4f8-4316-b6d6-3b174041f00e","UBC"
"UBC Tennis Center","court11","2025-07-20","18:00","18:00","19:00","24","https://ubc.perfectmind.com/24063/Clients/BookMe4LandingPages/Facility?facilityId=d3a55644-6681-42a7-b8f5-09d796d35c07&widgetId=c7c36ee3-2494-4de2-b2cb-d50a86487656&calendarId=e65c1527-c4f8-4316-b6d6-3b174041f00e","UBC"
"UBC Tennis Center","court11","2025-07-20","19:00","19:00","20:00","24","https://ubc.perfectmind.com/24063/Clients/BookMe4LandingPages/Facility?facilityId=d3a55644-6681-42a7-b8f5-09d796d35c07&widgetId=c7c36ee3-2494-4de2-b2cb-d50a86487656&calendarId=e65c1527-c4f8-4316-b6d6-3b174041f00e","UBC"
"UBC Tennis Center","court11","2025-07-21","16:00","16:00","17:00","24","https://ubc.perfectmind.com/24063/Clients/BookMe4LandingPages/Facility?facilityId=d3a55644-6681-42a7-b8f5-09d796d35c07&widgetId=c7c36ee3-2494-4de2-b2cb-d50a86487656&calendarId=e65c1527-c4f8-4316-b6d6-3b174041f00e","UBC"
"UBC Tennis Center","court11","2025-07-21","17:00","17:00","18:00","24","https://ubc.perfectmind.com/24063/Clients/BookMe4LandingPages/Facility?facilityId=d3a55644-6681-42a7-b8f5-09d796d35c07&widgetId=c7c36ee3-2494-4de2-b2cb-d50a86487656&calendarId=e65c1527-c4f8-4316-b6d6-3b174041f00e","UBC"
"UBC Tennis Center","court11","2025-07-21","18:00","18:00","19:00","24","https://ubc.perfectmind.com/24063/Clients/BookMe4LandingPages/Facility?facilityId=d3a55644-6681-42a7-b8f5-09d796d35c07&widgetId=c7c36ee3-2494-4de2-b2cb-d50a86487656&calendarId=e65c1527-c4f8-4316-b6d6-3b174041f00e","UBC"
"UBC Tennis Center","court11","2025-07-21","19:00","19:00","20:00","24","https://ubc.perfectmind.com/24063/Clients/BookMe4LandingPages/Facility?facilityId=d3a55644-6681-42a7-b8f5-09d796d35c07&widgetId=c7c36ee3-2494-4de2-b2cb-d50a86487656&calendarId=e65c1527-c4f8-4316-b6d6-3b174041f00e","UBC"
"UBC Tennis Center","court11","2025-07-22","16:00","16:00","17:00","24","https://ubc.perfectmind.com/24063/Clients/BookMe4LandingPages/Facility?facilityId=d3a55644-6681-42a7-b8f5-09d796d35c07&widgetId=c7c36ee3-2494-4de2-b2cb-d50a86487656&calendarId=e65c1527-c4f8-4316-b6d6-3b174041f00e","UBC"
"UBC Tennis Center","court11","2025-07-22","17:00","17:00","18:00","24","https://ubc.perfectmind.com/24063/Clients/BookMe4LandingPages/Facility?facilityId=d3a55644-6681-42a7-b8f5-09d796d35c07&widgetId=c7c36ee3-2494-4de2-b2cb-d50a86487656&calendarId=e65c1527-c4f8-4316-b6d6-3b174041f00e","UBC"
"UBC Tennis Center","court11","2025-07-22","18:00","18:00","19:00","24","https://ubc.perfectmind.com/24063/Clients/BookMe4LandingPages/Facility?facilityId=d3a55644-6681-42a7-b8f5-09d796d35c07&widgetId=c7c36ee3-2494-4de2-b2cb-d50a86487656&calendarId=e65c1527-c4f8-4316-b6d6-3b174041f00e","UBC"
"UBC Tennis Center","court12","2025-07-16","17:00","17:00","18:00","0","https://ubc.perfectmind.com/24063/Clients/BookMe4LandingPages/Facility?facilityId=00dc0e70-6536-4a5a-b60b-9f6b0d0ba050&widgetId=c7c36ee3-2494-4de2-b2cb-d50a86487656&calendarId=e65c1527-c4f8-4316-b6d6-3b174041f00e","UBC"
"UBC Tennis Center","court12","2025-07-16","18:00","18:00","19:00","0","https://ubc.perfectmind.com/24063/Clients/BookMe4LandingPages/Facility?facilityId=00dc0e70-6536-4a5a-b60b-9f6b0d0ba050&widgetId=c7c36ee3-2494-4de2-b2cb-d50a86487656&calendarId=e65c1527-c4f8-4316-b6d6-3b174041f00e","UBC"
"UBC Tennis Center","court12","2025-07-16","19:00","19:00","20:00","24","https://ubc.perfectmind.com/24063/Clients/BookMe4LandingPages/Facility?facilityId=00dc0e70-6536-4a5a-b60b-9f6b0d0ba050&widgetId=c7c36ee3-2494-4de2-b2cb-d50a86487656&calendarId=e65c1527-c4f8-4316-b6d6-3b174041f00e","UBC"
"UBC Tennis Center","court12","2025-07-17","16:00","16:00","17:00","24","https://ubc.perfectmind.com/24063/Clients/BookMe4LandingPages/Facility?facilityId=00dc0e70-6536-4a5a-b60b-9f6b0d0ba050&widgetId=c7c36ee3-2494-4de2-b2cb-d50a86487656&calendarId=e65c1527-c4f8-4316-b6d6-3b174041f00e","UBC"
"UBC Tennis Center","court12","2025-07-17","17:00","17:00","18:00","24","https://ubc.perfectmind.com/24063/Clients/BookMe4LandingPages/Facility?facilityId=00dc0e70-6536-4a5a-b60b-9f6b0d0ba050&widgetId=c7c36ee3-2494-4de2-b2cb-d50a86487656&calendarId=e65c1527-c4f8-4316-b6d6-3b174041f00e","UBC"
"UBC Tennis Center","court12","2025-07-17","18:00","18:00","19:00","24","https://ubc.perfectmind.com/24063/Clients/BookMe4LandingPages/Facility?facilityId=00dc0e70-6536-4a5a-b60b-9f6b0d0ba050&widgetId=c7c36ee3-2494-4de2-b2cb-d50a86487656&calendarId=e65c1527-c4f8-4316-b6d6-3b174041f00e","UBC"
"UBC Tennis Center","court12","2025-07-17","19:00","19:00","20:00","24","https://ubc.perfectmind.com/24063/Clients/BookMe4LandingPages/Facility?facilityId=00dc0e70-6536-4a5a-b60b-9f6b0d0ba050&widgetId=c7c36ee3-2494-4de2-b2cb-d50a86487656&calendarId=e65c1527-c4f8-4316-b6d6-3b174041f00e","UBC"
"UBC Tennis Center","court12","2025-07-18","16:00","16:00","17:00","24","https://ubc.perfectmind.com/24063/Clients/BookMe4LandingPages/Facility?facilityId=00dc0e70-6536-4a5a-b60b-9f6b0d0ba050&widgetId=c7c36ee3-2494-4de2-b2cb-d50a86487656&calendarId=e65c1527-c4f8-4316-b6d6-3b174041f00e","UBC"
"UBC Tennis Center","court12","2025-07-18","17:00","17:00","18:00","24","https://ubc.perfectmind.com/24063/Clients/BookMe4LandingPages/Facility?facilityId=00dc0e70-6536-4a5a-b60b-9f6b0d0ba050&widgetId=c7c36ee3-2494-4de2-b2cb-d50a86487656&calendarId=e65c1527-c4f8-4316-b6d6-3b174041f00e","UBC"
"UBC Tennis Center","court12","2025-07-18","18:00","18:00","19:00","24","https://ubc.perfectmind.com/24063/Clients/BookMe4LandingPages/Facility?facilityId=00dc0e70-6536-4a5a-b60b-9f6b0d0ba050&widgetId=c7c36ee3-2494-4de2-b2cb-d50a86487656&calendarId=e65c1527-c4f8-4316-b6d6-3b174041f00e","UBC"
"UBC Tennis Center","court12","2025-07-18","19:00","19:00","20:00","24","https://ubc.perfectmind.com/24063/Clients/BookMe4LandingPages/Facility?facilityId=00dc0e70-6536-4a5a-b60b-9f6b0d0ba050&widgetId=c7c36ee3-2494-4de2-b2cb-d50a86487656&calendarId=e65c1527-c4f8-4316-b6d6-3b174041f00e","UBC"
"UBC Tennis Center","court12","2025-07-19","09:00","09:00","10:00","24","https://ubc.perfectmind.com/24063/Clients/BookMe4LandingPages/Facility?facilityId=00dc0e70-6536-4a5a-b60b-9f6b0d0ba050&widgetId=c7c36ee3-2494-4de2-b2cb-d50a86487656&calendarId=e65c1527-c4f8-4316-b6d6-3b174041f00e","UBC"
"UBC Tennis Center","court12","2025-07-19","10:00","10:00","11:00","24","https://ubc.perfectmind.com/24063/Clients/BookMe4LandingPages/Facility?facilityId=00dc0e70-6536-4a5a-b60b-9f6b0d0ba050&widgetId=c7c36ee3-2494-4de2-b2cb-d50a86487656&calendarId=e65c1527-c4f8-4316-b6d6-3b174041f00e","UBC"
"UBC Tennis Center","court12","2025-07-19","11:00","11:00","12:00","24","https://ubc.perfectmind.com/24063/Clients/BookMe4LandingPages/Facility?facilityId=00dc0e70-6536-4a5a-b60b-9f6b0d0ba050&widgetId=c7c36ee3-2494-4de2-b2cb-d50a86487656&calendarId=e65c1527-c4f8-4316-b6d6-3b174041f00e","UBC"
"UBC Tennis Center","court12","2025-07-19","12:00","12:00","13:00","24","https://ubc.perfectmind.com/24063/Clients/BookMe4LandingPages/Facility?facilityId=00dc0e70-6536-4a5a-b60b-9f6b0d0ba050&widgetId=c7c36ee3-2494-4de2-b2cb-d50a86487656&calendarId=e65c1527-c4f8-4316-b6d6-3b174041f00e","UBC"
"UBC Tennis Center","court12","2025-07-19","13:00","13:00","14:00","24","https://ubc.perfectmind.com/24063/Clients/BookMe4LandingPages/Facility?facilityId=00dc0e70-6536-4a5a-b60b-9f6b0d0ba050&widgetId=c7c36ee3-2494-4de2-b2cb-d50a86487656&calendarId=e65c1527-c4f8-4316-b6d6-3b174041f00e","UBC"
"UBC Tennis Center","court12","2025-07-19","14:00","14:00","15:00","24","https://ubc.perfectmind.com/24063/Clients/BookMe4LandingPages/Facility?facilityId=00dc0e70-6536-4a5a-b60b-9f6b0d0ba050&widgetId=c7c36ee3-2494-4de2-b2cb-d50a86487656&calendarId=e65c1527-c4f8-4316-b6d6-3b174041f00e","UBC"
"UBC Tennis Center","court12","2025-07-19","15:00","15:00","16:00","24","https://ubc.perfectmind.com/24063/Clients/BookMe4LandingPages/Facility?facilityId=00dc0e70-6536-4a5a-b60b-9f6b0d0ba050&widgetId=c7c36ee3-2494-4de2-b2cb-d50a86487656&calendarId=e65c1527-c4f8-4316-b6d6-3b174041f00e","UBC"
"UBC Tennis Center","court12","2025-07-19","16:00","16:00","17:00","24","https://ubc.perfectmind.com/24063/Clients/BookMe4LandingPages/Facility?facilityId=00dc0e70-6536-4a5a-b60b-9f6b0d0ba050&widgetId=c7c36ee3-2494-4de2-b2cb-d50a86487656&calendarId=e65c1527-c4f8-4316-b6d6-3b174041f00e","UBC"
"UBC Tennis Center","court12","2025-07-19","17:00","17:00","18:00","24","https://ubc.perfectmind.com/24063/Clients/BookMe4LandingPages/Facility?facilityId=00dc0e70-6536-4a5a-b60b-9f6b0d0ba050&widgetId=c7c36ee3-2494-4de2-b2cb-d50a86487656&calendarId=e65c1527-c4f8-4316-b6d6-3b174041f00e","UBC"
"UBC Tennis Center","court12","2025-07-19","18:00","18:00","19:00","24","https://ubc.perfectmind.com/24063/Clients/BookMe4LandingPages/Facility?facilityId=00dc0e70-6536-4a5a-b60b-9f6b0d0ba050&widgetId=c7c36ee3-2494-4de2-b2cb-d50a86487656&calendarId=e65c1527-c4f8-4316-b6d6-3b174041f00e","UBC"
"UBC Tennis Center","court12","2025-07-19","19:00","19:00","20:00","24","https://ubc.perfectmind.com/24063/Clients/BookMe4LandingPages/Facility?facilityId=00dc0e70-6536-4a5a-b60b-9f6b0d0ba050&widgetId=c7c36ee3-2494-4de2-b2cb-d50a86487656&calendarId=e65c1527-c4f8-4316-b6d6-3b174041f00e","UBC"
"UBC Tennis Center","court12","2025-07-20","09:00","09:00","10:00","24","https://ubc.perfectmind.com/24063/Clients/BookMe4LandingPages/Facility?facilityId=00dc0e70-6536-4a5a-b60b-9f6b0d0ba050&widgetId=c7c36ee3-2494-4de2-b2cb-d50a86487656&calendarId=e65c1527-c4f8-4316-b6d6-3b174041f00e","UBC"
"UBC Tennis Center","court12","2025-07-20","10:00","10:00","11:00","24","https://ubc.perfectmind.com/24063/Clients/BookMe4LandingPages/Facility?facilityId=00dc0e70-6536-4a5a-b60b-9f6b0d0ba050&widgetId=c7c36ee3-2494-4de2-b2cb-d50a86487656&calendarId=e65c1527-c4f8-4316-b6d6-3b174041f00e","UBC"
"UBC Tennis Center","court12","2025-07-20","11:00","11:00","12:00","24","https://ubc.perfectmind.com/24063/Clients/BookMe4LandingPages/Facility?facilityId=00dc0e70-6536-4a5a-b60b-9f6b0d0ba050&widgetId=c7c36ee3-2494-4de2-b2cb-d50a86487656&calendarId=e65c1527-c4f8-4316-b6d6-3b174041f00e","UBC"
"UBC Tennis Center","court12","2025-07-20","12:00","12:00","13:00","24","https://ubc.perfectmind.com/24063/Clients/BookMe4LandingPages/Facility?facilityId=00dc0e70-6536-4a5a-b60b-9f6b0d0ba050&widgetId=c7c36ee3-2494-4de2-b2cb-d50a86487656&calendarId=e65c1527-c4f8-4316-b6d6-3b174041f00e","UBC"
"UBC Tennis Center","court12","2025-07-20","13:00","13:00","14:00","24","https://ubc.perfectmind.com/24063/Clients/BookMe4LandingPages/Facility?facilityId=00dc0e70-6536-4a5a-b60b-9f6b0d0ba050&widgetId=c7c36ee3-2494-4de2-b2cb-d50a86487656&calendarId=e65c1527-c4f8-4316-b6d6-3b174041f00e","UBC"
"UBC Tennis Center","court12","2025-07-20","14:00","14:00","15:00","24","https://ubc.perfectmind.com/24063/Clients/BookMe4LandingPages/Facility?facilityId=00dc0e70-6536-4a5a-b60b-9f6b0d0ba050&widgetId=c7c36ee3-2494-4de2-b2cb-d50a86487656&calendarId=e65c1527-c4f8-4316-b6d6-3b174041f00e","UBC"
"UBC Tennis Center","court12","2025-07-20","15:00","15:00","16:00","24","https://ubc.perfectmind.com/24063/Clients/BookMe4LandingPages/Facility?facilityId=00dc0e70-6536-4a5a-b60b-9f6b0d0ba050&widgetId=c7c36ee3-2494-4de2-b2cb-d50a86487656&calendarId=e65c1527-c4f8-4316-b6d6-3b174041f00e","UBC"
"UBC Tennis Center","court12","2025-07-20","16:00","16:00","17:00","24","https://ubc.perfectmind.com/24063/Clients/BookMe4LandingPages/Facility?facilityId=00dc0e70-6536-4a5a-b60b-9f6b0d0ba050&widgetId=c7c36ee3-2494-4de2-b2cb-d50a86487656&calendarId=e65c1527-c4f8-4316-b6d6-3b174041f00e","UBC"
"UBC Tennis Center","court12","2025-07-20","17:00","17:00","18:00","24","https://ubc.perfectmind.com/24063/Clients/BookMe4LandingPages/Facility?facilityId=00dc0e70-6536-4a5a-b60b-9f6b0d0ba050&widgetId=c7c36ee3-2494-4de2-b2cb-d50a86487656&calendarId=e65c1527-c4f8-4316-b6d6-3b174041f00e","UBC"
"UBC Tennis Center","court12","2025-07-20","18:00","18:00","19:00","24","https://ubc.perfectmind.com/24063/Clients/BookMe4LandingPages/Facility?facilityId=00dc0e70-6536-4a5a-b60b-9f6b0d0ba050&widgetId=c7c36ee3-2494-4de2-b2cb-d50a86487656&calendarId=e65c1527-c4f8-4316-b6d6-3b174041f00e","UBC"
"UBC Tennis Center","court12","2025-07-20","19:00","19:00","20:00","24","https://ubc.perfectmind.com/24063/Clients/BookMe4LandingPages/Facility?facilityId=00dc0e70-6536-4a5a-b60b-9f6b0d0ba050&widgetId=c7c36ee3-2494-4de2-b2cb-d50a86487656&calendarId=e65c1527-c4f8-4316-b6d6-3b174041f00e","UBC"
"UBC Tennis Center","court12","2025-07-21","16:00","16:00","17:00","24","https://ubc.perfectmind.com/24063/Clients/BookMe4LandingPages/Facility?facilityId=00dc0e70-6536-4a5a-b60b-9f6b0d0ba050&widgetId=c7c36ee3-2494-4de2-b2cb-d50a86487656&calendarId=e65c1527-c4f8-4316-b6d6-3b174041f00e","UBC"
"UBC Tennis Center","court12","2025-07-21","17:00","17:00","18:00","24","https://ubc.perfectmind.com/24063/Clients/BookMe4LandingPages/Facility?facilityId=00dc0e70-6536-4a5a-b60b-9f6b0d0ba050&widgetId=c7c36ee3-2494-4de2-b2cb-d50a86487656&calendarId=e65c1527-c4f8-4316-b6d6-3b174041f00e","UBC"
"UBC Tennis Center","court12","2025-07-21","18:00","18:00","19:00","24","https://ubc.perfectmind.com/24063/Clients/BookMe4LandingPages/Facility?facilityId=00dc0e70-6536-4a5a-b60b-9f6b0d0ba050&widgetId=c7c36ee3-2494-4de2-b2cb-d50a86487656&calendarId=e65c1527-c4f8-4316-b6d6-3b174041f00e","UBC"
"UBC Tennis Center","court12","2025-07-21","19:00","19:00","20:00","24","https://ubc.perfectmind.com/24063/Clients/BookMe4LandingPages/Facility?facilityId=00dc0e70-6536-4a5a-b60b-9f6b0d0ba050&widgetId=c7c36ee3-2494-4de2-b2cb-d50a86487656&calendarId=e65c1527-c4f8-4316-b6d6-3b174041f00e","UBC"
"UBC Tennis Center","court12","2025-07-22","16:00","16:00","17:00","24","https://ubc.perfectmind.com/24063/Clients/BookMe4LandingPages/Facility?facilityId=00dc0e70-6536-4a5a-b60b-9f6b0d0ba050&widgetId=c7c36ee3-2494-4de2-b2cb-d50a86487656&calendarId=e65c1527-c4f8-4316-b6d6-3b174041f00e","UBC"
"UBC Tennis Center","court12","2025-07-22","17:00","17:00","18:00","24","https://ubc.perfectmind.com/24063/Clients/BookMe4LandingPages/Facility?facilityId=00dc0e70-6536-4a5a-b60b-9f6b0d0ba050&widgetId=c7c36ee3-2494-4de2-b2cb-d50a86487656&calendarId=e65c1527-c4f8-4316-b6d6-3b174041f00e","UBC"
"UBC Tennis Center","court12","2025-07-22","18:00","18:00","19:00","24","https://ubc.perfectmind.com/24063/Clients/BookMe4LandingPages/Facility?facilityId=00dc0e70-6536-4a5a-b60b-9f6b0d0ba050&widgetId=c7c36ee3-2494-4de2-b2cb-d50a86487656&calendarId=e65c1527-c4f8-4316-b6d6-3b174041f00e","UBC"
"UBC Tennis Center","court13","2025-07-16","16:00","16:00","17:00","0","https://ubc.perfectmind.com/24063/Clients/BookMe4LandingPages/Facility?facilityId=308fd9d5-0de2-442e-8bd7-3fa6b607d170&widgetId=c7c36ee3-2494-4de2-b2cb-d50a86487656&calendarId=e65c1527-c4f8-4316-b6d6-3b174041f00e","UBC"
"UBC Tennis Center","court13","2025-07-16","19:00","19:00","20:00","24","https://ubc.perfectmind.com/24063/Clients/BookMe4LandingPages/Facility?facilityId=308fd9d5-0de2-442e-8bd7-3fa6b607d170&widgetId=c7c36ee3-2494-4de2-b2cb-d50a86487656&calendarId=e65c1527-c4f8-4316-b6d6-3b174041f00e","UBC"
"UBC Tennis Center","court13","2025-07-17","16:00","16:00","17:00","24","https://ubc.perfectmind.com/24063/Clients/BookMe4LandingPages/Facility?facilityId=308fd9d5-0de2-442e-8bd7-3fa6b607d170&widgetId=c7c36ee3-2494-4de2-b2cb-d50a86487656&calendarId=e65c1527-c4f8-4316-b6d6-3b174041f00e","UBC"
"UBC Tennis Center","court13","2025-07-17","17:00","17:00","18:00","24","https://ubc.perfectmind.com/24063/Clients/BookMe4LandingPages/Facility?facilityId=308fd9d5-0de2-442e-8bd7-3fa6b607d170&widgetId=c7c36ee3-2494-4de2-b2cb-d50a86487656&calendarId=e65c1527-c4f8-4316-b6d6-3b174041f00e","UBC"
"UBC Tennis Center","court13","2025-07-17","18:00","18:00","19:00","24","https://ubc.perfectmind.com/24063/Clients/BookMe4LandingPages/Facility?facilityId=308fd9d5-0de2-442e-8bd7-3fa6b607d170&widgetId=c7c36ee3-2494-4de2-b2cb-d50a86487656&calendarId=e65c1527-c4f8-4316-b6d6-3b174041f00e","UBC"
"UBC Tennis Center","court13","2025-07-17","19:00","19:00","20:00","24","https://ubc.perfectmind.com/24063/Clients/BookMe4LandingPages/Facility?facilityId=308fd9d5-0de2-442e-8bd7-3fa6b607d170&widgetId=c7c36ee3-2494-4de2-b2cb-d50a86487656&calendarId=e65c1527-c4f8-4316-b6d6-3b174041f00e","UBC"
"UBC Tennis Center","court13","2025-07-18","16:00","16:00","17:00","24","https://ubc.perfectmind.com/24063/Clients/BookMe4LandingPages/Facility?facilityId=308fd9d5-0de2-442e-8bd7-3fa6b607d170&widgetId=c7c36ee3-2494-4de2-b2cb-d50a86487656&calendarId=e65c1527-c4f8-4316-b6d6-3b174041f00e","UBC"
"UBC Tennis Center","court13","2025-07-18","17:00","17:00","18:00","24","https://ubc.perfectmind.com/24063/Clients/BookMe4LandingPages/Facility?facilityId=308fd9d5-0de2-442e-8bd7-3fa6b607d170&widgetId=c7c36ee3-2494-4de2-b2cb-d50a86487656&calendarId=e65c1527-c4f8-4316-b6d6-3b174041f00e","UBC"
"UBC Tennis Center","court13","2025-07-18","18:00","18:00","19:00","24","https://ubc.perfectmind.com/24063/Clients/BookMe4LandingPages/Facility?facilityId=308fd9d5-0de2-442e-8bd7-3fa6b607d170&widgetId=c7c36ee3-2494-4de2-b2cb-d50a86487656&calendarId=e65c1527-c4f8-4316-b6d6-3b174041f00e","UBC"
"UBC Tennis Center","court13","2025-07-18","19:00","19:00","20:00","24","https://ubc.perfectmind.com/24063/Clients/BookMe4LandingPages/Facility?facilityId=308fd9d5-0de2-442e-8bd7-3fa6b607d170&widgetId=c7c36ee3-2494-4de2-b2cb-d50a86487656&calendarId=e65c1527-c4f8-4316-b6d6-3b174041f00e","UBC"
"UBC Tennis Center","court13","2025-07-19","09:00","09:00","10:00","24","https://ubc.perfectmind.com/24063/Clients/BookMe4LandingPages/Facility?facilityId=308fd9d5-0de2-442e-8bd7-3fa6b607d170&widgetId=c7c36ee3-2494-4de2-b2cb-d50a86487656&calendarId=e65c1527-c4f8-4316-b6d6-3b174041f00e","UBC"
"UBC Tennis Center","court13","2025-07-19","10:00","10:00","11:00","24","https://ubc.perfectmind.com/24063/Clients/BookMe4LandingPages/Facility?facilityId=308fd9d5-0de2-442e-8bd7-3fa6b607d170&widgetId=c7c36ee3-2494-4de2-b2cb-d50a86487656&calendarId=e65c1527-c4f8-4316-b6d6-3b174041f00e","UBC"
"UBC Tennis Center","court13","2025-07-19","11:00","11:00","12:00","24","https://ubc.perfectmind.com/24063/Clients/BookMe4LandingPages/Facility?facilityId=308fd9d5-0de2-442e-8bd7-3fa6b607d170&widgetId=c7c36ee3-2494-4de2-b2cb-d50a86487656&calendarId=e65c1527-c4f8-4316-b6d6-3b174041f00e","UBC"
"UBC Tennis Center","court13","2025-07-19","12:00","12:00","13:00","24","https://ubc.perfectmind.com/24063/Clients/BookMe4LandingPages/Facility?facilityId=308fd9d5-0de2-442e-8bd7-3fa6b607d170&widgetId=c7c36ee3-2494-4de2-b2cb-d50a86487656&calendarId=e65c1527-c4f8-4316-b6d6-3b174041f00e","UBC"
"UBC Tennis Center","court13","2025-07-19","13:00","13:00","14:00","24","https://ubc.perfectmind.com/24063/Clients/BookMe4LandingPages/Facility?facilityId=308fd9d5-0de2-442e-8bd7-3fa6b607d170&widgetId=c7c36ee3-2494-4de2-b2cb-d50a86487656&calendarId=e65c1527-c4f8-4316-b6d6-3b174041f00e","UBC"
"UBC Tennis Center","court13","2025-07-19","14:00","14:00","15:00","24","https://ubc.perfectmind.com/24063/Clients/BookMe4LandingPages/Facility?facilityId=308fd9d5-0de2-442e-8bd7-3fa6b607d170&widgetId=c7c36ee3-2494-4de2-b2cb-d50a86487656&calendarId=e65c1527-c4f8-4316-b6d6-3b174041f00e","UBC"
"UBC Tennis Center","court13","2025-07-19","15:00","15:00","16:00","24","https://ubc.perfectmind.com/24063/Clients/BookMe4LandingPages/Facility?facilityId=308fd9d5-0de2-442e-8bd7-3fa6b607d170&widgetId=c7c36ee3-2494-4de2-b2cb-d50a86487656&calendarId=e65c1527-c4f8-4316-b6d6-3b174041f00e","UBC"
"UBC Tennis Center","court13","2025-07-19","16:00","16:00","17:00","24","https://ubc.perfectmind.com/24063/Clients/BookMe4LandingPages/Facility?facilityId=308fd9d5-0de2-442e-8bd7-3fa6b607d170&widgetId=c7c36ee3-2494-4de2-b2cb-d50a86487656&calendarId=e65c1527-c4f8-4316-b6d6-3b174041f00e","UBC"
"UBC Tennis Center","court13","2025-07-19","17:00","17:00","18:00","24","https://ubc.perfectmind.com/24063/Clients/BookMe4LandingPages/Facility?facilityId=308fd9d5-0de2-442e-8bd7-3fa6b607d170&widgetId=c7c36ee3-2494-4de2-b2cb-d50a86487656&calendarId=e65c1527-c4f8-4316-b6d6-3b174041f00e","UBC"
"UBC Tennis Center","court13","2025-07-19","18:00","18:00","19:00","24","https://ubc.perfectmind.com/24063/Clients/BookMe4LandingPages/Facility?facilityId=308fd9d5-0de2-442e-8bd7-3fa6b607d170&widgetId=c7c36ee3-2494-4de2-b2cb-d50a86487656&calendarId=e65c1527-c4f8-4316-b6d6-3b174041f00e","UBC"
"UBC Tennis Center","court13","2025-07-19","19:00","19:00","20:00","24","https://ubc.perfectmind.com/24063/Clients/BookMe4LandingPages/Facility?facilityId=308fd9d5-0de2-442e-8bd7-3fa6b607d170&widgetId=c7c36ee3-2494-4de2-b2cb-d50a86487656&calendarId=e65c1527-c4f8-4316-b6d6-3b174041f00e","UBC"
"UBC Tennis Center","court13","2025-07-20","09:00","09:00","10:00","24","https://ubc.perfectmind.com/24063/Clients/BookMe4LandingPages/Facility?facilityId=308fd9d5-0de2-442e-8bd7-3fa6b607d170&widgetId=c7c36ee3-2494-4de2-b2cb-d50a86487656&calendarId=e65c1527-c4f8-4316-b6d6-3b174041f00e","UBC"
"UBC Tennis Center","court13","2025-07-20","10:00","10:00","11:00","24","https://ubc.perfectmind.com/24063/Clients/BookMe4LandingPages/Facility?facilityId=308fd9d5-0de2-442e-8bd7-3fa6b607d170&widgetId=c7c36ee3-2494-4de2-b2cb-d50a86487656&calendarId=e65c1527-c4f8-4316-b6d6-3b174041f00e","UBC"
"UBC Tennis Center","court13","2025-07-20","11:00","11:00","12:00","24","https://ubc.perfectmind.com/24063/Clients/BookMe4LandingPages/Facility?facilityId=308fd9d5-0de2-442e-8bd7-3fa6b607d170&widgetId=c7c36ee3-2494-4de2-b2cb-d50a86487656&calendarId=e65c1527-c4f8-4316-b6d6-3b174041f00e","UBC"
"UBC Tennis Center","court13","2025-07-20","12:00","12:00","13:00","24","https://ubc.perfectmind.com/24063/Clients/BookMe4LandingPages/Facility?facilityId=308fd9d5-0de2-442e-8bd7-3fa6b607d170&widgetId=c7c36ee3-2494-4de2-b2cb-d50a86487656&calendarId=e65c1527-c4f8-4316-b6d6-3b174041f00e","UBC"
"UBC Tennis Center","court13","2025-07-20","13:00","13:00","14:00","24","https://ubc.perfectmind.com/24063/Clients/BookMe4LandingPages/Facility?facilityId=308fd9d5-0de2-442e-8bd7-3fa6b607d170&widgetId=c7c36ee3-2494-4de2-b2cb-d50a86487656&calendarId=e65c1527-c4f8-4316-b6d6-3b174041f00e","UBC"
"UBC Tennis Center","court13","2025-07-20","14:00","14:00","15:00","24","https://ubc.perfectmind.com/24063/Clients/BookMe4LandingPages/Facility?facilityId=308fd9d5-0de2-442e-8bd7-3fa6b607d170&widgetId=c7c36ee3-2494-4de2-b2cb-d50a86487656&calendarId=e65c1527-c4f8-4316-b6d6-3b174041f00e","UBC"
"UBC Tennis Center","court13","2025-07-20","15:00","15:00","16:00","24","https://ubc.perfectmind.com/24063/Clients/BookMe4LandingPages/Facility?facilityId=308fd9d5-0de2-442e-8bd7-3fa6b607d170&widgetId=c7c36ee3-2494-4de2-b2cb-d50a86487656&calendarId=e65c1527-c4f8-4316-b6d6-3b174041f00e","UBC"
"UBC Tennis Center","court13","2025-07-20","16:00","16:00","17:00","24","https://ubc.perfectmind.com/24063/Clients/BookMe4LandingPages/Facility?facilityId=308fd9d5-0de2-442e-8bd7-3fa6b607d170&widgetId=c7c36ee3-2494-4de2-b2cb-d50a86487656&calendarId=e65c1527-c4f8-4316-b6d6-3b174041f00e","UBC"
"UBC Tennis Center","court13","2025-07-20","17:00","17:00","18:00","24","https://ubc.perfectmind.com/24063/Clients/BookMe4LandingPages/Facility?facilityId=308fd9d5-0de2-442e-8bd7-3fa6b607d170&widgetId=c7c36ee3-2494-4de2-b2cb-d50a86487656&calendarId=e65c1527-c4f8-4316-b6d6-3b174041f00e","UBC"
"UBC Tennis Center","court13","2025-07-20","18:00","18:00","19:00","24","https://ubc.perfectmind.com/24063/Clients/BookMe4LandingPages/Facility?facilityId=308fd9d5-0de2-442e-8bd7-3fa6b607d170&widgetId=c7c36ee3-2494-4de2-b2cb-d50a86487656&calendarId=e65c1527-c4f8-4316-b6d6-3b174041f00e","UBC"
"UBC Tennis Center","court13","2025-07-20","19:00","19:00","20:00","24","https://ubc.perfectmind.com/24063/Clients/BookMe4LandingPages/Facility?facilityId=308fd9d5-0de2-442e-8bd7-3fa6b607d170&widgetId=c7c36ee3-2494-4de2-b2cb-d50a86487656&calendarId=e65c1527-c4f8-4316-b6d6-3b174041f00e","UBC"
"UBC Tennis Center","court13","2025-07-21","16:00","16:00","17:00","24","https://ubc.perfectmind.com/24063/Clients/BookMe4LandingPages/Facility?facilityId=308fd9d5-0de2-442e-8bd7-3fa6b607d170&widgetId=c7c36ee3-2494-4de2-b2cb-d50a86487656&calendarId=e65c1527-c4f8-4316-b6d6-3b174041f00e","UBC"
"UBC Tennis Center","court13","2025-07-21","17:00","17:00","18:00","24","https://ubc.perfectmind.com/24063/Clients/BookMe4LandingPages/Facility?facilityId=308fd9d5-0de2-442e-8bd7-3fa6b607d170&widgetId=c7c36ee3-2494-4de2-b2cb-d50a86487656&calendarId=e65c1527-c4f8-4316-b6d6-3b174041f00e","UBC"
"UBC Tennis Center","court13","2025-07-21","18:00","18:00","19:00","24","https://ubc.perfectmind.com/24063/Clients/BookMe4LandingPages/Facility?facilityId=308fd9d5-0de2-442e-8bd7-3fa6b607d170&widgetId=c7c36ee3-2494-4de2-b2cb-d50a86487656&calendarId=e65c1527-c4f8-4316-b6d6-3b174041f00e","UBC"
"UBC Tennis Center","court13","2025-07-21","19:00","19:00","20:00","24","https://ubc.perfectmind.com/24063/Clients/BookMe4LandingPages/Facility?facilityId=308fd9d5-0de2-442e-8bd7-3fa6b607d170&widgetId=c7c36ee3-2494-4de2-b2cb-d50a86487656&calendarId=e65c1527-c4f8-4316-b6d6-3b174041f00e","UBC"
"UBC Tennis Center","court13","2025-07-22","16:00","16:00","17:00","24","https://ubc.perfectmind.com/24063/Clients/BookMe4LandingPages/Facility?facilityId=308fd9d5-0de2-442e-8bd7-3fa6b607d170&widgetId=c7c36ee3-2494-4de2-b2cb-d50a86487656&calendarId=e65c1527-c4f8-4316-b6d6-3b174041f00e","UBC"
"UBC Tennis Center","court13","2025-07-22","17:00","17:00","18:00","24","https://ubc.perfectmind.com/24063/Clients/BookMe4LandingPages/Facility?facilityId=308fd9d5-0de2-442e-8bd7-3fa6b607d170&widgetId=c7c36ee3-2494-4de2-b2cb-d50a86487656&calendarId=e65c1527-c4f8-4316-b6d6-3b174041f00e","UBC"
"UBC Tennis Center","court13","2025-07-22","18:00","18:00","19:00","24","https://ubc.perfectmind.com/24063/Clients/BookMe4LandingPages/Facility?facilityId=308fd9d5-0de2-442e-8bd7-3fa6b607d170&widgetId=c7c36ee3-2494-4de2-b2cb-d50a86487656&calendarId=e65c1527-c4f8-4316-b6d6-3b174041f00e","UBC"